gfx,cu_num,M,N,K,bias,dtype,outdtype,scaleAB,bpreshuffle,libtype,solidx,splitK,us,kernelName,err_ratio,tflops,bw
gfx950,256,2176,640,1280,True,torch.bfloat16,torch.bfloat16,False,False,flydsl,3947,1,11.3404,flydsl_gemm4_abf16_wbf16_bf16_t96x64x64_split_k1_block_m_warp2_block_n_warp2_block_k_warp1_async_copyTrue_b_to_ldsTrue_b_preshuffleFalse_c_to_ldsFalse_gfx950,0.0,314.38,881.3
gfx950,256,576,768,24576,True,torch.bfloat16,torch.bfloat16,False,False,torch,0,0,45.5546,native,0.0,477.3,1469.56
gfx950,256,16,1280,320,False,torch.bfloat16,torch.bfloat16,False,False,flydsl,537,1,3.2878,flydsl_gemm4_abf16_wbf16_bf16_t16x64x64_split_k1_block_m_warp1_block_n_warp1_block_k_warp2_async_copyTrue_b_to_ldsTrue_b_preshuffleFalse_c_to_ldsFalse_gfx950,0.0003,3.99,264.74
gfx950,256,16,1280,320,True,torch.bfloat16,torch.bfloat16,False,False,flydsl,772,1,3.3376,flydsl_gemm5_abf16_wbf16_bf16_t16x64x64_split_k1_block_m_warp1_block_n_warp2_block_k_warp1_async_copyTrue_b_to_ldsTrue_b_preshuffleFalse_c_to_ldsFalse_gfx950,0.0,3.93,260.79
gfx950,256,16,1280,1280,True,torch.bfloat16,torch.bfloat16,False,False,flydsl,1517,5,5.0471,flydsl_gemm3_abf16_wbf16_bf16_t16x64x64_split_k5_block_m_warp1_block_n_warp2_block_k_warp1_async_copyTrue_b_to_ldsTrue_b_preshuffleFalse_c_to_ldsFalse_gfx950,0.0095,10.39,665.48
gfx950,256,16,1280,6144,False,torch.bfloat16,torch.bfloat16,False,False,flydsl,7475,8,7.0023,flydsl_gemm8_abf16_wbf16_bf16_t16x64x64_split_k8_block_m_warp1_block_n_warp2_block_k_warp1_async_copyTrue_b_to_ldsTrue_b_preshuffleFalse_c_to_ldsFalse_gfx950,0.0222,35.94,2280.14
gfx950,256,48,1280,6144,False,torch.bfloat16,torch.bfloat16,False,False,flydsl,7013,4,9.5363,flydsl_gemm7_abf16_wbf16_bf16_t16x64x128_split_k4_block_m_warp1_block_n_warp1_block_k_warp2_async_copyTrue_b_to_ldsTrue_b_preshuffleFalse_c_to_ldsFalse_gfx950,0.021,79.17,1724.08
gfx950,256,112,1280,6144,False,torch.bfloat16,torch.bfloat16,False,False,flydsl,4183,3,11.8283,flydsl_gemm3_abf16_wbf16_bf16_t32x64x128_split_k3_block_m_warp1_block_n_warp4_block_k_warp1_async_copyTrue_b_to_ldsTrue_b_preshuffleFalse_c_to_ldsFalse_gfx950,0.0101,148.93,1470.34
gfx950,256,160,1280,6144,False,torch.bfloat16,torch.bfloat16,False,False,asm,8,6,13.6514,_ZN5aiter39bf16gemm_fp32bf16_tn_96x64_splitk_cleanE,0.0171,184.35,1326.19
gfx950,256,1344,1280,320,False,torch.bfloat16,torch.bfloat16,False,False,flydsl,966,1,4.8706,flydsl_gemm4_abf16_wbf16_bf16_t128x64x64_split_k1_block_m_warp4_block_n_warp1_block_k_warp1_async_copyTrue_b_to_ldsTrue_b_preshuffleFalse_c_to_ldsFalse_gfx950,0.0,226.05,1051.21
gfx950,256,1344,1280,1280,True,torch.bfloat16,torch.bfloat16,False,False,flydsl,2452,1,11.9111,flydsl_gemm3_abf16_wbf16_bf16_t128x64x128_split_k1_block_m_warp4_block_n_warp4_block_k_warp1_async_copyTrue_b_to_ldsTrue_b_preshuffleFalse_c_to_ldsFalse_gfx950,0.0,369.74,852.82
gfx950,256,1600,1280,6144,False,torch.bfloat16,torch.bfloat16,False,False,flydsl,5205,1,42.7207,flydsl_gemm3_abf16_wbf16_bf16_t64x128x128_split_k1_block_m_warp2_block_n_warp4_block_k_warp2_async_copyTrue_b_to_ldsTrue_b_preshuffleFalse_c_to_ldsFalse_gfx950,0.0057,589.08,924.27
gfx950,256,2112,1280,6144,False,torch.bfloat16,torch.bfloat16,False,False,torch,0,0,55.8643,native,0.0,594.64,842.89
gfx950,256,2176,1280,160,True,torch.bfloat16,torch.bfloat16,False,False,torch,0,0,7.5359,native,0.0,118.27,885.96
gfx950,256,2176,1280,320,False,torch.bfloat16,torch.bfloat16,False,False,flydsl,1250,1,6.3837,flydsl_gemm4_abf16_wbf16_bf16_t96x64x64_split_k1_block_m_warp2_block_n_warp2_block_k_warp1_async_copyTrue_b_to_ldsTrue_b_preshuffleFalse_c_to_ldsFalse_gfx950,0.0,279.24,1219.1
gfx950,256,2176,1280,1280,True,torch.bfloat16,torch.bfloat16,False,False,torch,0,0,15.8981,native,0.0,448.5,906.9
gfx950,256,2304,1280,640,True,torch.bfloat16,torch.bfloat16,False,False,flydsl,1431,1,10.4559,flydsl_gemm3_abf16_wbf16_bf16_t128x128x64_split_k1_block_m_warp4_block_n_warp4_block_k_warp1_async_copyTrue_b_to_ldsTrue_b_preshuffleFalse_c_to_ldsFalse_gfx950,0.0,361.03,1002.86
gfx950,256,2304,1280,2560,False,torch.bfloat16,torch.bfloat16,False,False,flydsl,6042,1,26.6472,flydsl_gemm4_abf16_wbf16_bf16_t96x128x64_split_k1_block_m_warp1_block_n_warp4_block_k_warp1_async_copyTrue_b_to_ldsTrue_b_preshuffleFalse_c_to_ldsFalse_gfx950,0.0,566.64,909.98
gfx950,256,2304,1280,2560,True,torch.bfloat16,torch.bfloat16,False,False,torch,0,0,27.5687,native,0.0,547.7,879.56
gfx950,256,4608,1280,6144,False,torch.bfloat16,torch.bfloat16,False,False,opus,6402,0,82.6675,opus_gemm_mono_tile_512x192x128x64_2x4_16x16x32_0x0x0_nooob_4g_safe,0.0,876.74,1017.91
gfx950,256,7552,1280,6144,False,torch.bfloat16,torch.bfloat16,False,False,torch,0,0,110.5667,native,0.0,1074.31,1156.41
gfx950,256,13952,1280,6144,False,torch.bfloat16,torch.bfloat16,False,False,torch,0,0,199.0469,native,0.0,1102.48,1119.78
gfx950,256,15744,1280,6144,False,torch.bfloat16,torch.bfloat16,False,False,torch,0,0,211.9344,native,0.0,1168.44,1177.23
gfx950,256,17408,1280,6144,False,torch.bfloat16,torch.bfloat16,False,False,torch,0,0,237.773,native,0.0,1151.54,1153.21
gfx950,256,16,1536,1280,True,torch.bfloat16,torch.bfloat16,False,False,flydsl,2591,5,5.0795,flydsl_gemm4_abf16_wbf16_bf16_t16x64x64_split_k5_block_m_warp1_block_n_warp1_block_k_warp2_async_copyTrue_b_to_ldsTrue_b_preshuffleFalse_c_to_ldsFalse_gfx950,0.0161,12.39,791.86
gfx950,256,16,1536,6144,False,torch.bfloat16,torch.bfloat16,False,False,flydsl,6383,8,7.5632,flydsl_gemm6_abf16_wbf16_bf16_t16x64x128_split_k8_block_m_warp1_block_n_warp2_block_k_warp1_async_copyTrue_b_to_ldsTrue_b_preshuffleFalse_c_to_ldsFalse_gfx950,0.021,39.93,2528.05
gfx950,256,48,1536,6144,False,torch.bfloat16,torch.bfloat16,False,False,flydsl,4605,4,9.7113,flydsl_gemm4_abf16_wbf16_bf16_t32x64x128_split_k4_block_m_warp1_block_n_warp4_block_k_warp1_async_copyTrue_b_to_ldsTrue_b_preshuffleFalse_c_to_ldsFalse_gfx950,0.0127,93.29,2019.47
gfx950,256,64,1536,6144,False,torch.bfloat16,torch.bfloat16,False,False,flydsl,7573,4,10.8355,flydsl_gemm5_abf16_wbf16_bf16_t32x64x64_split_k4_block_m_warp1_block_n_warp4_block_k_warp1_async_copyTrue_b_to_ldsTrue_b_preshuffleFalse_c_to_ldsFalse_gfx950,0.0133,111.48,1832.62
gfx950,256,144,1536,6144,False,torch.bfloat16,torch.bfloat16,False,False,flydsl,6966,2,13.7143,flydsl_gemm4_abf16_wbf16_bf16_t32x64x128_split_k2_block_m_warp1_block_n_warp2_block_k_warp2_async_copyTrue_b_to_ldsTrue_b_preshuffleFalse_c_to_ldsFalse_gfx950,0.0133,198.18,1537.53
gfx950,256,176,1536,6144,False,torch.bfloat16,torch.bfloat16,False,False,asm,8,5,15.7448,_ZN5aiter39bf16gemm_fp32bf16_tn_96x64_splitk_cleanE,0.0152,210.98,1370.47
gfx950,256,224,1536,6144,False,torch.bfloat16,torch.bfloat16,False,False,asm,7,3,18.0268,_ZN5aiter39bf16gemm_fp32bf16_tn_80x64_splitk_cleanE,0.01,234.53,1237.88
gfx950,256,240,1536,6144,False,torch.bfloat16,torch.bfloat16,False,False,asm,7,3,18.2586,_ZN5aiter39bf16gemm_fp32bf16_tn_80x64_splitk_cleanE,0.01,248.09,1235.62
gfx950,256,576,1536,24576,True,torch.bfloat16,torch.bfloat16,False,False,torch,0,0,69.8837,native,0.0,622.27,1510.77
gfx950,256,608,1536,6144,False,torch.bfloat16,torch.bfloat16,False,False,flydsl,5594,1,26.7483,flydsl_gemm3_abf16_wbf16_bf16_t64x64x128_split_k1_block_m_warp2_block_n_warp2_block_k_warp2_async_copyTrue_b_to_ldsTrue_b_preshuffleFalse_c_to_ldsFalse_gfx950,0.0056,429.02,1054.77
gfx950,256,1600,1536,6144,False,torch.bfloat16,torch.bfloat16,False,False,torch,0,0,49.5938,native,0.0,608.93,876.12
gfx950,256,1664,1536,6144,False,torch.bfloat16,torch.bfloat16,False,False,flydsl,7707,1,54.3265,flydsl_gemm4_abf16_wbf16_bf16_t96x128x64_split_k1_block_m_warp1_block_n_warp4_block_k_warp1_async_copyTrue_b_to_ldsTrue_b_preshuffleFalse_c_to_ldsFalse_gfx950,0.0,578.11,817.9
gfx950,256,2176,1536,1280,True,torch.bfloat16,torch.bfloat16,False,False,flydsl,3874,1,16.8166,flydsl_gemm4_abf16_wbf16_bf16_t128x128x64_split_k1_block_m_warp4_block_n_warp4_block_k_warp1_async_copyTrue_b_to_ldsTrue_b_preshuffleFalse_c_to_ldsFalse_gfx950,0.0,508.81,962.58
gfx950,256,6144,1536,6144,False,torch.bfloat16,torch.bfloat16,False,False,torch,0,0,105.4371,native,0.0,1099.84,1074.06
gfx950,256,6528,1536,6144,False,torch.bfloat16,torch.bfloat16,False,False,torch,0,0,109.8495,native,0.0,1121.64,1084.62
gfx950,256,12800,1536,6144,False,torch.bfloat16,torch.bfloat16,False,False,torch,0,0,205.7251,native,0.0,1174.34,1047.43
gfx950,256,14080,1536,6144,False,torch.bfloat16,torch.bfloat16,False,False,torch,0,0,220.4565,native,0.0,1205.46,1066.62
gfx950,256,16384,1536,6144,False,torch.bfloat16,torch.bfloat16,False,False,torch,0,0,244.3181,native,0.0,1265.72,1107.3
gfx950,256,16640,1536,6144,False,torch.bfloat16,torch.bfloat16,False,False,torch,0,0,267.399,native,0.0,1174.53,1026.42
gfx950,256,23808,1536,6144,False,torch.bfloat16,torch.bfloat16,False,False,torch,0,0,352.1844,native,0.0,1275.93,1091.94
gfx950,256,16,3072,1280,True,torch.bfloat16,torch.bfloat16,False,False,flydsl,2589,4,5.7951,flydsl_gemm4_abf16_wbf16_bf16_t16x64x64_split_k4_block_m_warp1_block_n_warp2_block_k_warp1_async_copyTrue_b_to_ldsTrue_b_preshuffleFalse_c_to_ldsFalse_gfx950,0.008,21.71,1381.1
gfx950,256,48,3072,6144,False,torch.bfloat16,torch.bfloat16,False,False,flydsl,4745,4,13.0687,flydsl_gemm4_abf16_wbf16_bf16_t48x64x128_split_k4_block_m_warp1_block_n_warp1_block_k_warp2_async_copyTrue_b_to_ldsTrue_b_preshuffleFalse_c_to_ldsFalse_gfx950,0.0204,138.65,2956.18
gfx950,256,160,3072,6144,False,torch.bfloat16,torch.bfloat16,False,False,flydsl,4925,1,22.0822,flydsl_gemm3_abf16_wbf16_bf16_t32x64x256_split_k1_block_m_warp1_block_n_warp1_block_k_warp4_async_copyTrue_b_to_ldsTrue_b_preshuffleFalse_c_to_ldsFalse_gfx950,0.0128,273.51,1843.02
gfx950,256,208,3072,6144,False,torch.bfloat16,torch.bfloat16,False,False,flydsl,8625,1,25.2737,flydsl_gemm5_abf16_wbf16_bf16_t64x64x128_split_k1_block_m_warp2_block_n_warp2_block_k_warp2_async_copyTrue_b_to_ldsTrue_b_preshuffleFalse_c_to_ldsFalse_gfx950,0.0055,310.67,1645.29
gfx950,256,240,3072,6144,False,torch.bfloat16,torch.bfloat16,False,False,flydsl,8625,1,26.9963,flydsl_gemm5_abf16_wbf16_bf16_t64x64x128_split_k1_block_m_warp2_block_n_warp2_block_k_warp2_async_copyTrue_b_to_ldsTrue_b_preshuffleFalse_c_to_ldsFalse_gfx950,0.0056,335.59,1562.16
gfx950,256,256,3072,6144,False,torch.bfloat16,torch.bfloat16,False,False,torch,0,0,26.7598,native,0.0,361.13,1586.98
gfx950,256,576,3072,24576,True,torch.bfloat16,torch.bfloat16,False,False,torch,0,0,99.1969,native,0.0,876.77,1843.26
gfx950,256,1472,3072,6144,False,torch.bfloat16,torch.bfloat16,False,False,torch,0,0,67.0583,native,0.0,828.62,967.53
gfx950,256,1664,3072,6144,False,torch.bfloat16,torch.bfloat16,False,False,flydsl,5849,1,84.7434,flydsl_gemm3_abf16_wbf16_bf16_t80x128x64_split_k1_block_m_warp1_block_n_warp1_block_k_warp2_async_copyTrue_b_to_ldsTrue_b_preshuffleFalse_c_to_ldsFalse_gfx950,0.0057,741.22,807.37
gfx950,256,2112,3072,6144,False,torch.bfloat16,torch.bfloat16,False,False,flydsl,3871,1,93.427,flydsl_gemm3_abf16_wbf16_bf16_t128x256x64_split_k1_block_m_warp2_block_n_warp4_block_k_warp2_async_copyTrue_b_to_ldsTrue_b_preshuffleFalse_c_to_ldsFalse_gfx950,0.0058,853.34,820.72
gfx950,256,2624,3072,6144,False,torch.bfloat16,torch.bfloat16,False,False,torch,0,0,98.2289,native,0.0,1008.39,876.67
gfx950,256,3584,3072,6144,False,torch.bfloat16,torch.bfloat16,False,False,torch,0,0,115.9441,native,0.0,1166.87,895.34
gfx950,256,4480,3072,6144,False,torch.bfloat16,torch.bfloat16,False,False,torch,0,0,140.0912,native,0.0,1207.17,858.9
gfx950,256,4608,3072,6144,False,torch.bfloat16,torch.bfloat16,False,False,asm,10,1,140.8824,_ZN5aiter24bf16gemm_bf16_tn_256x256E,0.0,1234.69,870.82
gfx950,256,6144,3072,6144,False,torch.bfloat16,torch.bfloat16,False,False,torch,0,0,201.5822,native,0.0,1150.54,749.05
gfx950,256,14080,3072,6144,False,torch.bfloat16,torch.bfloat16,False,False,torch,0,0,401.8565,native,0.0,1322.62,739.74
gfx950,256,16768,3072,6144,False,torch.bfloat16,torch.bfloat16,False,False,asm,10,1,491.5053,_ZN5aiter24bf16gemm_bf16_tn_256x256E,0.0,1287.82,705.62
gfx950,256,16896,3072,6144,False,torch.bfloat16,torch.bfloat16,False,False,opus,1400,0,499.6533,opus_gemm_mono_tile_512x192x256x64_2x4_16x16x32_0x0x0_nooob,0.0,1276.49,698.84
gfx950,256,23808,3072,6144,False,torch.bfloat16,torch.bfloat16,False,False,asm,10,1,656.2506,_ZN5aiter24bf16gemm_bf16_tn_256x256E,0.0,1369.48,726.21
gfx950,256,64,4608,6144,False,torch.bfloat16,torch.bfloat16,False,False,flydsl,4922,3,19.8995,flydsl_gemm3_abf16_wbf16_bf16_t64x64x128_split_k3_block_m_warp1_block_n_warp4_block_k_warp1_async_copyTrue_b_to_ldsTrue_b_preshuffleFalse_c_to_ldsFalse_gfx950,0.0103,182.11,2914.61
gfx950,256,192,4608,6144,False,torch.bfloat16,torch.bfloat16,False,False,flydsl,8625,1,29.055,flydsl_gemm5_abf16_wbf16_bf16_t64x64x128_split_k1_block_m_warp2_block_n_warp2_block_k_warp2_async_copyTrue_b_to_ldsTrue_b_preshuffleFalse_c_to_ldsFalse_gfx950,0.0056,374.17,2090.93
gfx950,256,256,4608,6144,False,torch.bfloat16,torch.bfloat16,False,False,flydsl,7772,1,34.4522,flydsl_gemm4_abf16_wbf16_bf16_t96x64x128_split_k1_block_m_warp2_block_n_warp1_block_k_warp2_async_copyTrue_b_to_ldsTrue_b_preshuffleFalse_c_to_ldsFalse_gfx950,0.0057,420.74,1803.31
gfx950,256,2624,4608,6144,False,torch.bfloat16,torch.bfloat16,False,False,torch,0,0,128.3274,native,0.0,1157.81,880.95
gfx950,256,4608,4608,6144,False,torch.bfloat16,torch.bfloat16,False,False,opus,6400,0,210.9709,opus_gemm_mono_tile_512x192x256x64_2x4_16x16x32_0x0x0_nooob_4g_safe,0.0,1236.75,738.08
gfx950,256,6528,4608,6144,False,torch.bfloat16,torch.bfloat16,False,False,asm,10,1,278.7766,_ZN5aiter24bf16gemm_bf16_tn_256x256E,0.0,1325.92,706.66
gfx950,256,8448,4608,6144,False,torch.bfloat16,torch.bfloat16,False,False,asm,10,1,374.432,_ZN5aiter24bf16gemm_bf16_tn_256x256E,0.0,1277.54,636.4
gfx950,256,12672,4608,6144,False,torch.bfloat16,torch.bfloat16,False,False,asm,10,1,535.7582,_ZN5aiter24bf16gemm_bf16_tn_256x256E,0.0,1339.28,614.31
gfx950,256,16384,4608,6144,False,torch.bfloat16,torch.bfloat16,False,False,asm,10,1,663.0176,_ZN5aiter24bf16gemm_bf16_tn_256x256E,0.0,1399.23,616.79
gfx950,256,16896,4608,6144,False,torch.bfloat16,torch.bfloat16,False,False,asm,10,1,673.7713,_ZN5aiter24bf16gemm_bf16_tn_256x256E,0.0,1419.92,623.29
gfx950,256,17152,4608,6144,False,torch.bfloat16,torch.bfloat16,False,False,torch,0,0,653.184,native,0.0,1486.87,651.36
gfx950,256,32,4992,6144,False,torch.bfloat16,torch.bfloat16,False,False,flydsl,2227,2,16.5761,flydsl_gemm3_abf16_wbf16_bf16_t32x64x256_split_k2_block_m_warp1_block_n_warp2_block_k_warp2_async_copyTrue_b_to_ldsTrue_b_preshuffleFalse_c_to_ldsFalse_gfx950,0.0135,118.42,3743.61
gfx950,256,224,4992,6144,False,torch.bfloat16,torch.bfloat16,False,False,torch,0,0,31.1366,native,0.0,441.3,2130.31
gfx950,256,4608,4992,6144,False,torch.bfloat16,torch.bfloat16,False,False,torch,0,0,230.8188,native,0.0,1224.61,710.39
gfx950,256,6400,4992,6144,False,torch.bfloat16,torch.bfloat16,False,False,torch,0,0,286.169,native,0.0,1371.87,712.45
gfx950,256,8064,4992,6144,False,torch.bfloat16,torch.bfloat16,False,False,torch,0,0,390.3004,native,0.0,1267.38,617.33
gfx950,256,9600,4992,6144,False,torch.bfloat16,torch.bfloat16,False,False,torch,0,0,420.4395,native,0.0,1400.63,654.44
gfx950,256,16384,4992,6144,False,torch.bfloat16,torch.bfloat16,False,False,torch,0,0,677.8904,native,0.0,1482.57,628.78
gfx950,256,17024,4992,6144,False,torch.bfloat16,torch.bfloat16,False,False,torch,0,0,801.642,native,0.0,1302.68,549.5
gfx950,256,17280,4992,6144,False,torch.bfloat16,torch.bfloat16,False,False,opus,9,0,823.135,opus_gemm_512x256x256x64_2x4_16x16x32_0x0x0,0.0,1287.74,542.08
gfx950,256,23936,4992,6144,False,torch.bfloat16,torch.bfloat16,False,False,opus,5009,0,1128.7565,opus_gemm_512x256x256x64_2x4_16x16x32_0x0x0_4g_safe,0.0,1300.79,526.64
gfx950,256,32,6144,1536,False,torch.bfloat16,torch.bfloat16,False,False,triton,0,0,6.9729,auto,0.0,86.62,2777.31
gfx950,256,48,6144,1024,False,torch.bfloat16,torch.bfloat16,False,False,flydsl,2534,1,5.9135,flydsl_gemm4_abf16_wbf16_bf16_t32x64x128_split_k1_block_m_warp1_block_n_warp4_block_k_warp1_async_copyTrue_b_to_ldsTrue_b_preshuffleFalse_c_to_ldsFalse_gfx950,0.0,102.14,2244.19
gfx950,256,112,6144,1024,False,torch.bfloat16,torch.bfloat16,False,False,flydsl,3690,1,7.1256,flydsl_gemm4_abf16_wbf16_bf16_t64x64x128_split_k1_block_m_warp2_block_n_warp4_block_k_warp1_async_copyTrue_b_to_ldsTrue_b_preshuffleFalse_c_to_ldsFalse_gfx950,0.0,197.78,1991.21
gfx950,256,112,6144,1536,False,torch.bfloat16,torch.bfloat16,False,False,flydsl,6000,1,9.463,flydsl_gemm4_abf16_wbf16_bf16_t64x64x128_split_k1_block_m_warp2_block_n_warp2_block_k_warp2_async_copyTrue_b_to_ldsTrue_b_preshuffleFalse_c_to_ldsFalse_gfx950,0.003,223.39,2176.34
gfx950,256,112,6144,4096,False,torch.bfloat16,torch.bfloat16,False,False,flydsl,4457,1,19.2301,flydsl_gemm5_abf16_wbf16_bf16_t64x64x128_split_k1_block_m_warp2_block_n_warp4_block_k_warp1_async_copyTrue_b_to_ldsTrue_b_preshuffleFalse_c_to_ldsFalse_gfx950,0.0,293.14,2736.62
gfx950,256,128,6144,1536,False,torch.bfloat16,torch.bfloat16,False,False,flydsl,6799,1,9.87,flydsl_gemm4_abf16_wbf16_bf16_t64x64x128_split_k1_block_m_warp4_block_n_warp1_block_k_warp2_async_copyTrue_b_to_ldsTrue_b_preshuffleFalse_c_to_ldsFalse_gfx950,0.003,244.77,2111.49
gfx950,256,144,6144,4096,False,torch.bfloat16,torch.bfloat16,False,False,flydsl,4078,1,20.5881,flydsl_gemm4_abf16_wbf16_bf16_t48x64x64_split_k1_block_m_warp1_block_n_warp2_block_k_warp1_async_copyTrue_b_to_ldsTrue_b_preshuffleFalse_c_to_ldsFalse_gfx950,0.0,352.04,2587.94
gfx950,256,160,6144,4096,False,torch.bfloat16,torch.bfloat16,False,False,flydsl,4298,1,22.2672,flydsl_gemm4_abf16_wbf16_bf16_t64x64x64_split_k1_block_m_warp1_block_n_warp4_block_k_warp1_async_copyTrue_b_to_ldsTrue_b_preshuffleFalse_c_to_ldsFalse_gfx950,0.0,361.66,2407.51
gfx950,256,176,6144,1024,False,torch.bfloat16,torch.bfloat16,False,False,flydsl,4394,1,8.4245,flydsl_gemm4_abf16_wbf16_bf16_t96x64x64_split_k1_block_m_warp1_block_n_warp4_block_k_warp1_async_copyTrue_b_to_ldsTrue_b_preshuffleFalse_c_to_ldsFalse_gfx950,0.0,262.88,1793.11
gfx950,256,176,6144,1536,False,torch.bfloat16,torch.bfloat16,False,False,flydsl,6894,1,11.161,flydsl_gemm4_abf16_wbf16_bf16_t64x64x64_split_k1_block_m_warp2_block_n_warp1_block_k_warp1_async_copyTrue_b_to_ldsTrue_b_preshuffleFalse_c_to_ldsFalse_gfx950,0.0,297.63,1933.31
gfx950,256,176,6144,4096,False,torch.bfloat16,torch.bfloat16,False,False,flydsl,4303,1,23.0182,flydsl_gemm4_abf16_wbf16_bf16_t64x64x64_split_k1_block_m_warp2_block_n_warp2_block_k_warp1_async_copyTrue_b_to_ldsTrue_b_preshuffleFalse_c_to_ldsFalse_gfx950,0.0,384.84,2343.19
gfx950,256,208,6144,1536,False,torch.bfloat16,torch.bfloat16,False,False,flydsl,4537,1,11.9324,flydsl_gemm3_abf16_wbf16_bf16_t48x128x128_split_k1_block_m_warp1_block_n_warp4_block_k_warp1_async_copyTrue_b_to_ldsTrue_b_preshuffleFalse_c_to_ldsFalse_gfx950,0.0,329.01,1849.52
gfx950,256,208,6144,4096,False,torch.bfloat16,torch.bfloat16,False,False,flydsl,2280,1,25.6171,flydsl_gemm3_abf16_wbf16_bf16_t128x64x128_split_k1_block_m_warp2_block_n_warp4_block_k_warp2_async_copyTrue_b_to_ldsTrue_b_preshuffleFalse_c_to_ldsFalse_gfx950,0.0049,408.67,2131.06
gfx950,256,224,6144,1024,False,torch.bfloat16,torch.bfloat16,False,False,flydsl,3557,1,9.3009,flydsl_gemm4_abf16_wbf16_bf16_t128x64x64_split_k1_block_m_warp2_block_n_warp4_block_k_warp1_async_copyTrue_b_to_ldsTrue_b_preshuffleFalse_c_to_ldsFalse_gfx950,0.0,303.04,1698.13
gfx950,256,224,6144,6144,False,torch.bfloat16,torch.bfloat16,False,False,torch,0,0,35.93,native,0.0,470.68,2254.45
gfx950,256,240,6144,1024,False,torch.bfloat16,torch.bfloat16,False,False,flydsl,2809,1,9.3908,flydsl_gemm3_abf16_wbf16_bf16_t48x128x128_split_k1_block_m_warp1_block_n_warp4_block_k_warp1_async_copyTrue_b_to_ldsTrue_b_preshuffleFalse_c_to_ldsFalse_gfx950,0.0,321.58,1706.3
gfx950,256,240,6144,4096,False,torch.bfloat16,torch.bfloat16,False,False,torch,0,0,26.6539,native,0.0,453.2,2072.75
gfx950,256,352,6144,3072,True,torch.bfloat16,torch.bfloat16,False,False,torch,0,0,26.1681,native,0.0,507.78,1690.49
gfx950,256,544,6144,768,True,torch.bfloat16,torch.bfloat16,False,False,flydsl,4327,1,11.4734,flydsl_gemm4_abf16_wbf16_bf16_t128x128x64_split_k1_block_m_warp4_block_n_warp4_block_k_warp1_async_copyTrue_b_to_ldsTrue_b_preshuffleFalse_c_to_ldsFalse_gfx950,0.0,447.45,1477.98
gfx950,256,544,6144,3072,True,torch.bfloat16,torch.bfloat16,False,False,flydsl,6137,1,31.6973,flydsl_gemm4_abf16_wbf16_bf16_t128x128x64_split_k1_block_m_warp2_block_n_warp4_block_k_warp2_async_copyTrue_b_to_ldsTrue_b_preshuffleFalse_c_to_ldsFalse_gfx950,0.0042,647.86,1507.25
gfx950,256,576,6144,768,True,torch.bfloat16,torch.bfloat16,False,False,flydsl,4327,1,11.6873,flydsl_gemm4_abf16_wbf16_bf16_t128x128x64_split_k1_block_m_warp4_block_n_warp4_block_k_warp1_async_copyTrue_b_to_ldsTrue_b_preshuffleFalse_c_to_ldsFalse_gfx950,0.0,465.1,1488.78
gfx950,256,864,6144,1024,False,torch.bfloat16,torch.bfloat16,False,False,flydsl,1878,1,18.1572,flydsl_gemm2_abf16_wbf16_bf16_t96x128x64_split_k1_block_m_warp1_block_n_warp4_block_k_warp1_async_copyTrue_b_to_ldsTrue_b_preshuffleFalse_c_to_ldsFalse_gfx950,0.0,598.75,1375.17
gfx950,256,1344,6144,768,True,torch.bfloat16,torch.bfloat16,False,False,torch,0,0,19.0767,native,0.0,664.87,1468.63
gfx950,256,1472,6144,1024,False,torch.bfloat16,torch.bfloat16,False,False,torch,0,0,23.6429,native,0.0,783.41,1424.76
gfx950,256,1472,6144,1536,False,torch.bfloat16,torch.bfloat16,False,False,torch,0,0,34.6554,native,0.0,801.7,1197.05
gfx950,256,1664,6144,1024,False,torch.bfloat16,torch.bfloat16,False,False,asm,10,1,29.5626,_ZN5aiter24bf16gemm_bf16_tn_256x256E,0.0,708.26,1232.57
gfx950,256,1664,6144,4096,False,torch.bfloat16,torch.bfloat16,False,False,asm,10,1,88.7682,_ZN5aiter24bf16gemm_bf16_tn_256x256E,0.0,943.49,950.91
gfx950,256,2112,6144,1024,False,torch.bfloat16,torch.bfloat16,False,False,asm,10,1,31.1427,_ZN5aiter24bf16gemm_bf16_tn_256x256E,0.0,853.33,1376.26
gfx950,256,2112,6144,1536,False,torch.bfloat16,torch.bfloat16,False,False,asm,10,1,44.2084,_ZN5aiter24bf16gemm_bf16_tn_256x256E,0.0,901.7,1160.75
gfx950,256,2624,6144,1536,False,torch.bfloat16,torch.bfloat16,False,False,flydsl,3447,1,61.1598,flydsl_gemm3_abf16_wbf16_bf16_t128x256x64_split_k1_block_m_warp2_block_n_warp4_block_k_warp1_async_copyTrue_b_to_ldsTrue_b_preshuffleFalse_c_to_ldsFalse_gfx950,0.0,809.79,967.61
gfx950,256,3840,6144,1024,False,torch.bfloat16,torch.bfloat16,False,False,opus,1400,0,55.1405,opus_gemm_mono_tile_512x192x256x64_2x4_16x16x32_0x0x0_nooob,0.0,876.28,1226.56
gfx950,256,3840,6144,1536,False,torch.bfloat16,torch.bfloat16,False,False,opus,6400,0,73.9683,opus_gemm_mono_tile_512x192x256x64_2x4_16x16x32_0x0x0_nooob_4g_safe,0.0,979.85,1052.57
gfx950,256,4608,6144,1024,False,torch.bfloat16,torch.bfloat16,False,False,asm,10,1,62.159,_ZN5aiter24bf16gemm_bf16_tn_256x256E,0.0,932.8,1265.19
gfx950,256,4608,6144,1536,False,torch.bfloat16,torch.bfloat16,False,False,asm,10,1,84.8713,_ZN5aiter24bf16gemm_bf16_tn_256x256E,0.0,1024.76,1056.34
gfx950,256,6912,6144,1024,False,torch.bfloat16,torch.bfloat16,False,False,asm,10,1,92.4017,_ZN5aiter24bf16gemm_bf16_tn_256x256E,0.0,941.25,1208.56
gfx950,256,6912,6144,1536,False,torch.bfloat16,torch.bfloat16,False,False,asm,10,1,122.3201,_ZN5aiter24bf16gemm_bf16_tn_256x256E,0.0,1066.54,1022.26
gfx950,256,7552,6144,1536,False,torch.bfloat16,torch.bfloat16,False,False,asm,10,1,124.4554,_ZN5aiter24bf16gemm_bf16_tn_256x256E,0.0,1145.3,1083.71
gfx950,256,7680,6144,1024,False,torch.bfloat16,torch.bfloat16,False,False,asm,10,1,94.622,_ZN5aiter24bf16gemm_bf16_tn_256x256E,0.0,1021.29,1296.56
gfx950,256,9088,6144,4096,False,torch.bfloat16,torch.bfloat16,False,False,asm,10,1,338.8502,_ZN5aiter24bf16gemm_bf16_tn_256x256E,0.0,1349.9,697.81
gfx950,256,9216,6144,4096,False,torch.bfloat16,torch.bfloat16,False,False,asm,10,1,342.7944,_ZN5aiter24bf16gemm_bf16_tn_256x256E,0.0,1353.16,697.43
gfx950,256,11264,6144,4096,False,torch.bfloat16,torch.bfloat16,False,False,asm,10,1,420.9103,_ZN5aiter24bf16gemm_bf16_tn_256x256E,0.0,1346.93,667.64
gfx950,256,12288,6144,1024,False,torch.bfloat16,torch.bfloat16,False,False,opus,6400,0,153.7149,opus_gemm_mono_tile_512x192x256x64_2x4_16x16x32_0x0x0_nooob_4g_safe,0.0,1005.88,1227.88
gfx950,256,12672,6144,1536,False,torch.bfloat16,torch.bfloat16,False,False,asm,10,1,204.9564,_ZN5aiter24bf16gemm_bf16_tn_256x256E,0.0,1166.96,1041.76
gfx950,256,15488,6144,1024,False,torch.bfloat16,torch.bfloat16,False,False,asm,10,1,174.4664,_ZN5aiter24bf16gemm_bf16_tn_256x256E,0.0,1117.03,1344.78
gfx950,256,15744,6144,1536,False,torch.bfloat16,torch.bfloat16,False,False,torch,0,0,245.7526,native,0.0,1209.18,1060.83
gfx950,256,16256,6144,4096,False,torch.bfloat16,torch.bfloat16,False,False,torch,0,0,542.0449,native,0.0,1509.45,707.05
gfx950,256,16384,6144,1024,False,torch.bfloat16,torch.bfloat16,False,False,asm,10,1,181.0752,_ZN5aiter24bf16gemm_bf16_tn_256x256E,0.0,1138.52,1366.64
gfx950,256,16768,6144,1024,False,torch.bfloat16,torch.bfloat16,False,False,asm,10,1,194.3735,_ZN5aiter24bf16gemm_bf16_tn_256x256E,0.0,1085.49,1301.46
gfx950,256,16896,6144,4096,False,torch.bfloat16,torch.bfloat16,False,False,asm,10,1,615.0824,_ZN5aiter24bf16gemm_bf16_tn_256x256E,0.0,1382.58,644.4
gfx950,256,17024,6144,1536,False,torch.bfloat16,torch.bfloat16,False,False,asm,10,1,290.9415,_ZN5aiter24bf16gemm_bf16_tn_256x256E,0.0,1104.4,963.64
gfx950,256,17152,6144,1536,False,torch.bfloat16,torch.bfloat16,False,False,asm,10,1,273.7514,_ZN5aiter24bf16gemm_bf16_tn_256x256E,0.0,1182.58,1031.33
gfx950,256,17408,6144,1024,False,torch.bfloat16,torch.bfloat16,False,False,asm,10,1,202.0036,_ZN5aiter24bf16gemm_bf16_tn_256x256E,0.0,1084.35,1297.72
gfx950,256,17408,6144,1536,False,torch.bfloat16,torch.bfloat16,False,False,asm,10,1,276.5482,_ZN5aiter24bf16gemm_bf16_tn_256x256E,0.0,1188.09,1035.12
gfx950,256,24832,6144,1024,False,torch.bfloat16,torch.bfloat16,False,False,asm,10,1,282.0895,_ZN5aiter24bf16gemm_bf16_tn_256x256E,0.0,1107.66,1306.59
gfx950,256,16,12288,6144,False,torch.bfloat16,torch.bfloat16,False,False,flydsl,4210,2,28.9194,flydsl_gemm4_abf16_wbf16_bf16_t16x128x128_split_k2_block_m_warp1_block_n_warp4_block_k_warp1_async_copyTrue_b_to_ldsTrue_b_preshuffleFalse_c_to_ldsFalse_gfx950,0.0055,83.54,5241.63
gfx950,256,32,12288,6144,False,torch.bfloat16,torch.bfloat16,False,False,flydsl,4374,2,31.6051,flydsl_gemm4_abf16_wbf16_bf16_t32x128x128_split_k2_block_m_warp1_block_n_warp4_block_k_warp1_async_copyTrue_b_to_ldsTrue_b_preshuffleFalse_c_to_ldsFalse_gfx950,0.0057,152.88,4814.87
gfx950,256,48,12288,6144,False,torch.bfloat16,torch.bfloat16,False,False,torch,0,0,35.1586,native,0.0,206.14,4345.01
gfx950,256,144,12288,6144,False,torch.bfloat16,torch.bfloat16,False,False,torch,0,0,46.2808,native,0.0,469.81,3377.28
gfx950,256,224,12288,6144,False,torch.bfloat16,torch.bfloat16,False,False,torch,0,0,60.5977,native,0.0,558.15,2628.03
gfx950,256,1728,12288,6144,False,torch.bfloat16,torch.bfloat16,False,False,torch,0,0,222.4187,native,0.0,1173.1,965.28
gfx950,256,2624,12288,6144,False,torch.bfloat16,torch.bfloat16,False,False,torch,0,0,322.1255,native,0.0,1229.99,769.04
gfx950,256,4480,12288,6144,False,torch.bfloat16,torch.bfloat16,False,False,asm,10,1,505.3623,_ZN5aiter24bf16gemm_bf16_tn_256x256E,0.0,1338.56,625.58
gfx950,256,8448,12288,6144,False,torch.bfloat16,torch.bfloat16,False,False,asm,10,1,889.424,_ZN5aiter24bf16gemm_bf16_tn_256x256E,0.0,1434.19,519.91
gfx950,256,9088,12288,6144,False,torch.bfloat16,torch.bfloat16,False,False,torch,0,0,915.3575,native,0.0,1499.13,530.96
gfx950,256,12672,12288,6144,False,torch.bfloat16,torch.bfloat16,False,False,asm,10,1,1309.4599,_ZN5aiter24bf16gemm_bf16_tn_256x256E,0.0,1461.22,472.05
gfx950,256,16640,12288,6144,False,torch.bfloat16,torch.bfloat16,False,False,asm,10,1,1729.0757,_ZN5aiter24bf16gemm_bf16_tn_256x256E,0.0,1453.12,442.09
gfx950,256,23936,12288,6144,False,torch.bfloat16,torch.bfloat16,False,False,torch,0,0,2347.4385,native,0.0,1539.64,440.21
gfx950,256,16,480,1280,True,torch.bfloat16,torch.bfloat16,False,False,triton,0,0,4.7598,auto,0.0,4.13,269.99
gfx950,256,2304,480,1280,True,torch.bfloat16,torch.bfloat16,False,False,torch,0,0,11.8431,native,0.0,239.06,788.55
gfx950,256,1344,640,1280,True,torch.bfloat16,torch.bfloat16,False,False,flydsl,3684,1,8.7698,flydsl_gemm4_abf16_wbf16_bf16_t64x64x128_split_k1_block_m_warp2_block_n_warp4_block_k_warp1_async_copyTrue_b_to_ldsTrue_b_preshuffleFalse_c_to_ldsFalse_gfx950,0.0,251.09,775.32
gfx950,256,16,768,24576,True,torch.bfloat16,torch.bfloat16,False,False,flydsl,4299,12,11.3872,flydsl_gemm4_abf16_wbf16_bf16_t16x64x256_split_k12_block_m_warp1_block_n_warp1_block_k_warp2_async_copyTrue_b_to_ldsTrue_b_preshuffleFalse_c_to_ldsFalse_gfx950,0.0375,53.04,3386.24
gfx950,256,544,768,24576,True,torch.bfloat16,torch.bfloat16,False,False,torch,0,0,44.8152,native,0.0,458.22,1457.61
gfx950,256,1344,960,1280,True,torch.bfloat16,torch.bfloat16,False,False,flydsl,2064,1,11.2597,flydsl_gemm4_abf16_wbf16_bf16_t96x64x64_split_k1_block_m_warp2_block_n_warp2_block_k_warp1_async_copyTrue_b_to_ldsTrue_b_preshuffleFalse_c_to_ldsFalse_gfx950,0.0,293.35,753.01
gfx950,256,2304,960,1280,True,torch.bfloat16,torch.bfloat16,False,False,torch,0,0,14.013,native,0.0,404.08,911.98
gfx950,256,16,1280,160,True,torch.bfloat16,torch.bfloat16,False,False,triton,0,0,3.2002,auto,0.0,2.05,142.39
gfx950,256,16,1280,640,False,torch.bfloat16,torch.bfloat16,False,False,flydsl,2192,1,3.7182,flydsl_gemm5_abf16_wbf16_bf16_t16x64x128_split_k1_block_m_warp1_block_n_warp2_block_k_warp1_async_copyTrue_b_to_ldsTrue_b_preshuffleFalse_c_to_ldsFalse_gfx950,0.0,7.05,457.17
gfx950,256,16,1280,2560,True,torch.bfloat16,torch.bfloat16,False,False,flydsl,4283,8,5.8699,flydsl_gemm5_abf16_wbf16_bf16_t16x64x64_split_k8_block_m_warp1_block_n_warp2_block_k_warp1_async_copyTrue_b_to_ldsTrue_b_preshuffleFalse_c_to_ldsFalse_gfx950,0.018,17.86,1137.41
gfx950,256,32,1280,6144,False,torch.bfloat16,torch.bfloat16,False,False,flydsl,5686,8,8.1996,flydsl_gemm5_abf16_wbf16_bf16_t32x64x128_split_k8_block_m_warp1_block_n_warp2_block_k_warp2_async_copyTrue_b_to_ldsTrue_b_preshuffleFalse_c_to_ldsFalse_gfx950,0.0276,61.38,1976.17
gfx950,256,96,1280,6144,False,torch.bfloat16,torch.bfloat16,False,False,flydsl,7575,4,11.9082,flydsl_gemm5_abf16_wbf16_bf16_t32x64x64_split_k4_block_m_warp2_block_n_warp1_block_k_warp2_async_copyTrue_b_to_ldsTrue_b_preshuffleFalse_c_to_ldsFalse_gfx950,0.0205,126.8,1440.52
gfx950,256,224,1280,6144,False,torch.bfloat16,torch.bfloat16,False,False,asm,7,4,16.0158,_ZN5aiter39bf16gemm_fp32bf16_tn_80x64_splitk_cleanE,0.0129,219.98,1189.74
gfx950,256,240,1280,6144,False,torch.bfloat16,torch.bfloat16,False,False,asm,7,4,15.7432,_ZN5aiter39bf16gemm_fp32bf16_tn_80x64_splitk_cleanE,0.013,239.78,1225.43
gfx950,256,608,1280,6144,False,torch.bfloat16,torch.bfloat16,False,False,flydsl,5594,1,26.3877,flydsl_gemm3_abf16_wbf16_bf16_t64x64x128_split_k1_block_m_warp2_block_n_warp2_block_k_warp2_async_copyTrue_b_to_ldsTrue_b_preshuffleFalse_c_to_ldsFalse_gfx950,0.0056,362.4,938.17
gfx950,256,1344,1280,320,True,torch.bfloat16,torch.bfloat16,False,False,flydsl,1123,1,5.4466,flydsl_gemm4_abf16_wbf16_bf16_t64x128x64_split_k1_block_m_warp2_block_n_warp4_block_k_warp1_async_copyTrue_b_to_ldsTrue_b_preshuffleFalse_c_to_ldsFalse_gfx950,0.0,202.15,940.04
gfx950,256,1664,1280,6144,False,torch.bfloat16,torch.bfloat16,False,False,flydsl,4151,1,50.8286,flydsl_gemm3_abf16_wbf16_bf16_t128x64x64_split_k1_block_m_warp2_block_n_warp2_block_k_warp1_async_copyTrue_b_to_ldsTrue_b_preshuffleFalse_c_to_ldsFalse_gfx950,0.0,514.92,795.53
gfx950,256,2176,1280,160,False,torch.bfloat16,torch.bfloat16,False,False,torch,0,0,7.3059,native,0.0,122.0,913.85
gfx950,256,2176,1280,1280,False,torch.bfloat16,torch.bfloat16,False,False,flydsl,3680,1,14.5811,flydsl_gemm3_abf16_wbf16_bf16_t96x128x64_split_k1_block_m_warp2_block_n_warp2_block_k_warp1_async_copyTrue_b_to_ldsTrue_b_preshuffleFalse_c_to_ldsFalse_gfx950,0.0,489.01,988.81
gfx950,256,2176,1280,2560,False,torch.bfloat16,torch.bfloat16,False,False,flydsl,6042,1,26.4706,flydsl_gemm4_abf16_wbf16_bf16_t96x128x64_split_k1_block_m_warp1_block_n_warp4_block_k_warp1_async_copyTrue_b_to_ldsTrue_b_preshuffleFalse_c_to_ldsFalse_gfx950,0.0,538.73,878.91
gfx950,256,2176,1280,2560,True,torch.bfloat16,torch.bfloat16,False,False,flydsl,6045,1,26.8026,flydsl_gemm4_abf16_wbf16_bf16_t96x128x64_split_k1_block_m_warp2_block_n_warp2_block_k_warp1_async_copyTrue_b_to_ldsTrue_b_preshuffleFalse_c_to_ldsFalse_gfx950,0.0,532.06,868.02
gfx950,256,2304,1280,160,True,torch.bfloat16,torch.bfloat16,False,False,torch,0,0,7.3918,native,0.0,127.67,953.1
gfx950,256,2304,1280,320,True,torch.bfloat16,torch.bfloat16,False,False,flydsl,484,1,7.0864,flydsl_gemm3_abf16_wbf16_bf16_t128x128x64_split_k1_block_m_warp4_block_n_warp4_block_k_warp1_async_copyTrue_b_to_ldsTrue_b_preshuffleFalse_c_to_ldsFalse_gfx950,0.0,266.35,1156.02
gfx950,256,2304,1280,1280,True,torch.bfloat16,torch.bfloat16,False,False,torch,0,0,15.7029,native,0.0,480.79,959.9
gfx950,256,3584,1280,6144,False,torch.bfloat16,torch.bfloat16,False,False,opus,6401,0,84.3667,opus_gemm_mono_tile_512x128x256x64_2x4_16x16x32_0x0x0_nooob_4g_safe,0.0,668.17,817.19
gfx950,256,3968,1280,6144,False,torch.bfloat16,torch.bfloat16,False,False,torch,0,0,76.8472,native,0.0,812.15,971.35
gfx950,256,4480,1280,6144,False,torch.bfloat16,torch.bfloat16,False,False,opus,6401,0,90.8091,opus_gemm_mono_tile_512x128x256x64_2x4_16x16x32_0x0x0_nooob_4g_safe,0.0,775.96,905.72
gfx950,256,6272,1280,6144,False,torch.bfloat16,torch.bfloat16,False,False,opus,1401,0,101.3049,opus_gemm_mono_tile_512x128x256x64_2x4_16x16x32_0x0x0_nooob,0.0,973.79,1074.53
gfx950,256,6912,1280,6144,False,torch.bfloat16,torch.bfloat16,False,False,opus,6400,0,106.9874,opus_gemm_mono_tile_512x192x256x64_2x4_16x16x32_0x0x0_nooob_4g_safe,0.0,1016.16,1106.28
gfx950,256,7936,1280,6144,False,torch.bfloat16,torch.bfloat16,False,False,torch,0,0,115.6311,native,0.0,1079.49,1155.07
gfx950,256,8448,1280,6144,False,torch.bfloat16,torch.bfloat16,False,False,opus,1400,0,113.8695,opus_gemm_mono_tile_512x192x256x64_2x4_16x16x32_0x0x0_nooob,0.0,1166.91,1239.7
gfx950,256,11264,1280,6144,False,torch.bfloat16,torch.bfloat16,False,False,torch,0,0,141.2833,native,0.0,1253.99,1295.1
gfx950,256,12416,1280,6144,False,torch.bfloat16,torch.bfloat16,False,False,torch,0,0,146.5342,native,0.0,1332.7,1365.42
gfx950,256,12800,1280,6144,False,torch.bfloat16,torch.bfloat16,False,False,torch,0,0,145.5161,native,0.0,1383.53,1414.16
gfx950,256,16512,1280,6144,False,torch.bfloat16,torch.bfloat16,False,False,opus,1400,0,223.1051,opus_gemm_mono_tile_512x192x256x64_2x4_16x16x32_0x0x0_nooob,0.0,1164.08,1169.4
gfx950,256,16768,1280,6144,False,torch.bfloat16,torch.bfloat16,False,False,torch,0,0,236.6853,native,0.0,1114.3,1118.36
gfx950,256,16,1536,24576,True,torch.bfloat16,torch.bfloat16,False,False,flydsl,2623,8,16.2232,flydsl_gemm3_abf16_wbf16_bf16_t16x64x256_split_k8_block_m_warp1_block_n_warp1_block_k_warp2_async_copyTrue_b_to_ldsTrue_b_preshuffleFalse_c_to_ldsFalse_gfx950,0.0334,74.46,4705.18
gfx950,256,96,1536,6144,False,torch.bfloat16,torch.bfloat16,False,False,flydsl,6654,4,12.0447,flydsl_gemm4_abf16_wbf16_bf16_t64x64x128_split_k4_block_m_warp2_block_n_warp4_block_k_warp1_async_copyTrue_b_to_ldsTrue_b_preshuffleFalse_c_to_ldsFalse_gfx950,0.0134,150.43,1689.45
gfx950,256,112,1536,6144,False,torch.bfloat16,torch.bfloat16,False,False,flydsl,8531,4,13.1253,flydsl_gemm6_abf16_wbf16_bf16_t32x64x64_split_k4_block_m_warp1_block_n_warp2_block_k_warp2_async_copyTrue_b_to_ldsTrue_b_preshuffleFalse_c_to_ldsFalse_gfx950,0.0206,161.06,1569.08
gfx950,256,192,1536,6144,False,torch.bfloat16,torch.bfloat16,False,False,asm,8,5,15.2081,_ZN5aiter39bf16gemm_fp32bf16_tn_96x64_splitk_cleanE,0.0153,238.29,1434.99
gfx950,256,208,1536,6144,False,torch.bfloat16,torch.bfloat16,False,False,asm,7,3,17.7526,_ZN5aiter39bf16gemm_fp32bf16_tn_80x64_splitk_cleanE,0.0099,221.14,1243.16
gfx950,256,544,1536,24576,True,torch.bfloat16,torch.bfloat16,False,False,flydsl,6284,4,80.12,flydsl_gemm4_abf16_wbf16_bf16_t128x128x64_split_k4_block_m_warp4_block_n_warp1_block_k_warp2_async_copyTrue_b_to_ldsTrue_b_preshuffleFalse_c_to_ldsFalse_gfx950,0.026,512.61,1296.9
gfx950,256,864,1536,6144,False,torch.bfloat16,torch.bfloat16,False,False,torch,0,0,34.9348,native,0.0,466.8,920.15
gfx950,256,1344,1536,1280,True,torch.bfloat16,torch.bfloat16,False,False,flydsl,3206,1,12.2261,flydsl_gemm3_abf16_wbf16_bf16_t64x128x128_split_k1_block_m_warp2_block_n_warp4_block_k_warp2_async_copyTrue_b_to_ldsTrue_b_preshuffleFalse_c_to_ldsFalse_gfx950,0.0026,432.26,940.74
gfx950,256,1472,1536,6144,False,torch.bfloat16,torch.bfloat16,False,False,torch,0,0,47.442,native,0.0,585.62,874.42
gfx950,256,1536,1536,6144,False,torch.bfloat16,torch.bfloat16,False,False,torch,0,0,45.9475,native,0.0,630.96,924.26
gfx950,256,2112,1536,6144,False,torch.bfloat16,torch.bfloat16,False,False,flydsl,6219,1,59.6673,flydsl_gemm4_abf16_wbf16_bf16_t128x128x64_split_k1_block_m_warp4_block_n_warp4_block_k_warp1_async_copyTrue_b_to_ldsTrue_b_preshuffleFalse_c_to_ldsFalse_gfx950,0.0,668.08,860.01
gfx950,256,2304,1536,1280,True,torch.bfloat16,torch.bfloat16,False,False,flydsl,2252,1,17.4688,flydsl_gemm3_abf16_wbf16_bf16_t128x128x64_split_k1_block_m_warp4_block_n_warp4_block_k_warp1_async_copyTrue_b_to_ldsTrue_b_preshuffleFalse_c_to_ldsFalse_gfx950,0.0,518.62,967.91
gfx950,256,2624,1536,6144,False,torch.bfloat16,torch.bfloat16,False,False,flydsl,6218,1,64.4247,flydsl_gemm4_abf16_wbf16_bf16_t128x128x64_split_k1_block_m_warp4_block_n_warp2_block_k_warp2_async_copyTrue_b_to_ldsTrue_b_preshuffleFalse_c_to_ldsFalse_gfx950,0.0057,768.75,918.58
gfx950,256,7680,1536,6144,False,torch.bfloat16,torch.bfloat16,False,False,opus,1400,0,117.6049,opus_gemm_mono_tile_512x192x256x64_2x4_16x16x32_0x0x0_nooob,0.0,1232.56,1163.55
gfx950,256,7936,1536,6144,False,torch.bfloat16,torch.bfloat16,False,False,torch,0,0,128.746,native,0.0,1163.43,1093.4
gfx950,256,8448,1536,6144,False,torch.bfloat16,torch.bfloat16,False,False,asm,10,1,144.1441,_ZN5aiter24bf16gemm_bf16_tn_256x256E,0.0,1106.19,1031.16
gfx950,256,16896,1536,6144,False,torch.bfloat16,torch.bfloat16,False,False,torch,0,0,270.5541,native,0.0,1178.7,1028.99
gfx950,256,17152,1536,6144,False,torch.bfloat16,torch.bfloat16,False,False,torch,0,0,274.1194,native,0.0,1180.99,1029.95
gfx950,256,24832,1536,6144,False,torch.bfloat16,torch.bfloat16,False,False,torch,0,0,393.3847,native,0.0,1191.42,1017.56
gfx950,256,1344,1920,1280,True,torch.bfloat16,torch.bfloat16,False,False,flydsl,1584,1,15.8817,flydsl_gemm2_abf16_wbf16_bf16_t96x64x128_split_k1_block_m_warp2_block_n_warp2_block_k_warp1_async_copyTrue_b_to_ldsTrue_b_preshuffleFalse_c_to_ldsFalse_gfx950,0.0,415.95,851.09
gfx950,256,16,2560,1280,True,torch.bfloat16,torch.bfloat16,False,False,flydsl,3406,4,5.5783,flydsl_gemm5_abf16_wbf16_bf16_t16x64x64_split_k4_block_m_warp1_block_n_warp2_block_k_warp1_async_copyTrue_b_to_ldsTrue_b_preshuffleFalse_c_to_ldsFalse_gfx950,0.0077,18.8,1196.87
gfx950,256,1344,2560,1280,True,torch.bfloat16,torch.bfloat16,False,False,flydsl,3874,1,16.3535,flydsl_gemm4_abf16_wbf16_bf16_t128x128x64_split_k1_block_m_warp4_block_n_warp4_block_k_warp1_async_copyTrue_b_to_ldsTrue_b_preshuffleFalse_c_to_ldsFalse_gfx950,0.0,538.6,1031.92
gfx950,256,16,3072,6144,False,torch.bfloat16,torch.bfloat16,False,False,flydsl,7469,4,10.2749,flydsl_gemm8_abf16_wbf16_bf16_t16x64x64_split_k4_block_m_warp1_block_n_warp2_block_k_warp1_async_copyTrue_b_to_ldsTrue_b_preshuffleFalse_c_to_ldsFalse_gfx950,0.0136,58.78,3702.58
gfx950,256,16,3072,24576,True,torch.bfloat16,torch.bfloat16,False,False,flydsl,2538,8,29.0772,flydsl_gemm3_abf16_wbf16_bf16_t16x128x128_split_k8_block_m_warp1_block_n_warp2_block_k_warp1_async_copyTrue_b_to_ldsTrue_b_preshuffleFalse_c_to_ldsFalse_gfx950,0.0256,83.09,5223.33
gfx950,256,80,3072,6144,False,torch.bfloat16,torch.bfloat16,False,False,asm,7,5,15.1833,_ZN5aiter39bf16gemm_fp32bf16_tn_80x64_splitk_cleanE,0.0153,198.9,2583.32
gfx950,256,112,3072,6144,False,torch.bfloat16,torch.bfloat16,False,False,flydsl,6622,2,19.6262,flydsl_gemm4_abf16_wbf16_bf16_t64x64x128_split_k2_block_m_warp4_block_n_warp1_block_k_warp2_async_copyTrue_b_to_ldsTrue_b_preshuffleFalse_c_to_ldsFalse_gfx950,0.0134,215.42,2028.57
gfx950,256,608,3072,6144,False,torch.bfloat16,torch.bfloat16,False,False,flydsl,3998,1,40.5541,flydsl_gemm3_abf16_wbf16_bf16_t128x64x128_split_k1_block_m_warp2_block_n_warp2_block_k_warp2_async_copyTrue_b_to_ldsTrue_b_preshuffleFalse_c_to_ldsFalse_gfx950,0.0057,565.94,1207.16
gfx950,256,1536,3072,6144,False,torch.bfloat16,torch.bfloat16,False,False,torch,0,0,70.1302,native,0.0,826.78,941.97
gfx950,256,7552,3072,6144,False,torch.bfloat16,torch.bfloat16,False,False,asm,10,1,249.551,_ZN5aiter24bf16gemm_bf16_tn_256x256E,0.0,1142.37,709.06
gfx950,256,7936,3072,6144,False,torch.bfloat16,torch.bfloat16,False,False,torch,0,0,242.3278,native,0.0,1236.23,759.41
gfx950,256,12800,3072,6144,False,torch.bfloat16,torch.bfloat16,False,False,asm,10,1,375.664,_ZN5aiter24bf16gemm_bf16_tn_256x256E,0.0,1286.21,728.52
gfx950,256,15488,3072,6144,False,torch.bfloat16,torch.bfloat16,False,False,torch,0,0,400.9058,native,0.0,1458.33,806.23
gfx950,256,16512,3072,6144,False,torch.bfloat16,torch.bfloat16,False,False,asm,10,1,491.557,_ZN5aiter24bf16gemm_bf16_tn_256x256E,0.0,1268.03,695.95
gfx950,256,17152,3072,6144,False,torch.bfloat16,torch.bfloat16,False,False,asm,10,1,501.6189,_ZN5aiter24bf16gemm_bf16_tn_256x256E,0.0,1290.75,705.5
gfx950,256,24064,3072,6144,False,torch.bfloat16,torch.bfloat16,False,False,opus,2009,0,696.9404,opus_gemm_512x256x256x64_2x4_16x16x32_0x0x0_cA1cB17,0.0,1303.39,690.58
gfx950,256,24832,3072,6144,False,torch.bfloat16,torch.bfloat16,False,False,opus,9,0,713.685,opus_gemm_512x256x256x64_2x4_16x16x32_0x0x0,0.0,1313.43,694.22
gfx950,256,176,4608,6144,False,torch.bfloat16,torch.bfloat16,False,False,flydsl,8628,1,28.5689,flydsl_gemm5_abf16_wbf16_bf16_t64x64x128_split_k1_block_m_warp4_block_n_warp1_block_k_warp2_async_copyTrue_b_to_ldsTrue_b_preshuffleFalse_c_to_ldsFalse_gfx950,0.0056,348.83,2114.46
gfx950,256,208,4608,6144,False,torch.bfloat16,torch.bfloat16,False,False,torch,0,0,29.9775,native,0.0,392.88,2038.06
gfx950,256,1664,4608,6144,False,torch.bfloat16,torch.bfloat16,False,False,opus,1401,0,101.0965,opus_gemm_mono_tile_512x128x256x64_2x4_16x16x32_0x0x0_nooob,0.0,931.99,914.04
gfx950,256,9600,4608,6144,False,torch.bfloat16,torch.bfloat16,False,False,asm,10,1,403.2878,_ZN5aiter24bf16gemm_bf16_tn_256x256E,0.0,1347.88,652.29
gfx950,256,11264,4608,6144,False,torch.bfloat16,torch.bfloat16,False,False,asm,10,1,496.9688,_ZN5aiter24bf16gemm_bf16_tn_256x256E,0.0,1283.39,601.33
gfx950,256,17024,4608,6144,False,torch.bfloat16,torch.bfloat16,False,False,asm,10,1,678.3981,_ZN5aiter24bf16gemm_bf16_tn_256x256E,0.0,1420.92,623.1
gfx950,256,17280,4608,6144,False,torch.bfloat16,torch.bfloat16,False,False,torch,0,0,669.3551,native,0.0,1461.78,639.74
gfx950,256,23936,4608,6144,False,torch.bfloat16,torch.bfloat16,False,False,torch,0,0,915.7818,native,0.0,1479.97,623.89
gfx950,256,112,4992,6144,False,torch.bfloat16,torch.bfloat16,False,False,torch,0,0,27.0077,native,0.0,254.38,2363.63
gfx950,256,144,4992,6144,False,torch.bfloat16,torch.bfloat16,False,False,torch,0,0,27.5724,native,0.0,320.36,2341.07
gfx950,256,176,4992,6144,False,torch.bfloat16,torch.bfloat16,False,False,flydsl,5955,1,31.3328,flydsl_gemm4_abf16_wbf16_bf16_t64x64x128_split_k1_block_m_warp4_block_n_warp2_block_k_warp1_async_copyTrue_b_to_ldsTrue_b_preshuffleFalse_c_to_ldsFalse_gfx950,0.0,344.56,2082.85
gfx950,256,192,4992,6144,False,torch.bfloat16,torch.bfloat16,False,False,flydsl,7155,1,32.2585,flydsl_gemm5_abf16_wbf16_bf16_t64x64x128_split_k1_block_m_warp2_block_n_warp2_block_k_warp2_async_copyTrue_b_to_ldsTrue_b_preshuffleFalse_c_to_ldsFalse_gfx950,0.0056,365.1,2034.13
gfx950,256,4480,4992,6144,False,torch.bfloat16,torch.bfloat16,False,False,opus,2009,0,263.5827,opus_gemm_512x256x256x64_2x4_16x16x32_0x0x0_cA1cB17,0.0,1042.6,611.27
gfx950,256,6144,4992,6144,False,torch.bfloat16,torch.bfloat16,False,False,opus,5300,0,299.9849,opus_gemm_persistent_512x256x256x64_2x4_16x16x32_0x0x0_4g_safe,0.0,1256.34,660.64
gfx950,256,7552,4992,6144,False,torch.bfloat16,torch.bfloat16,False,False,torch,0,0,399.7653,native,0.0,1158.81,574.19
gfx950,256,8448,4992,6144,False,torch.bfloat16,torch.bfloat16,False,False,torch,0,0,397.3785,native,0.0,1304.08,627.85
gfx950,256,12672,4992,6144,False,torch.bfloat16,torch.bfloat16,False,False,torch,0,0,567.7502,native,0.0,1369.13,605.15
gfx950,256,16640,4992,6144,False,torch.bfloat16,torch.bfloat16,False,False,torch,0,0,802.8887,native,0.0,1271.32,537.99
gfx950,256,17152,4992,6144,False,torch.bfloat16,torch.bfloat16,False,False,torch,0,0,821.1906,native,0.0,1281.23,539.89
gfx950,256,23680,4992,6144,False,torch.bfloat16,torch.bfloat16,False,False,opus,5009,0,1132.5446,opus_gemm_512x256x256x64_2x4_16x16x32_0x0x0_4g_safe,0.0,1282.57,519.84
gfx950,256,16,6144,1024,False,torch.bfloat16,torch.bfloat16,False,False,triton,0,0,5.2963,auto,0.0,38.01,2419.1
gfx950,256,64,6144,1536,False,torch.bfloat16,torch.bfloat16,False,False,triton,0,0,8.1304,auto,0.0,148.57,2442.37
gfx950,256,96,6144,1536,False,torch.bfloat16,torch.bfloat16,False,False,flydsl,6000,1,9.013,flydsl_gemm4_abf16_wbf16_bf16_t64x64x128_split_k1_block_m_warp2_block_n_warp2_block_k_warp2_async_copyTrue_b_to_ldsTrue_b_preshuffleFalse_c_to_ldsFalse_gfx950,0.003,201.04,2257.73
gfx950,256,96,6144,3072,False,torch.bfloat16,torch.bfloat16,False,False,flydsl,4822,1,15.0085,flydsl_gemm3_abf16_wbf16_bf16_t64x64x128_split_k1_block_m_warp4_block_n_warp2_block_k_warp1_async_copyTrue_b_to_ldsTrue_b_preshuffleFalse_c_to_ldsFalse_gfx950,0.0,241.46,2633.06
gfx950,256,112,6144,3072,False,torch.bfloat16,torch.bfloat16,False,False,flydsl,6527,1,15.449,flydsl_gemm4_abf16_wbf16_bf16_t64x64x128_split_k1_block_m_warp4_block_n_warp2_block_k_warp1_async_copyTrue_b_to_ldsTrue_b_preshuffleFalse_c_to_ldsFalse_gfx950,0.0,273.67,2577.07
gfx950,256,128,6144,1024,False,torch.bfloat16,torch.bfloat16,False,False,flydsl,3120,1,7.5066,flydsl_gemm3_abf16_wbf16_bf16_t64x64x128_split_k1_block_m_warp4_block_n_warp2_block_k_warp1_async_copyTrue_b_to_ldsTrue_b_preshuffleFalse_c_to_ldsFalse_gfx950,0.0,214.56,1920.7
gfx950,256,144,6144,1536,False,torch.bfloat16,torch.bfloat16,False,False,flydsl,6513,1,9.9509,flydsl_gemm4_abf16_wbf16_bf16_t48x64x64_split_k1_block_m_warp1_block_n_warp2_block_k_warp1_async_copyTrue_b_to_ldsTrue_b_preshuffleFalse_c_to_ldsFalse_gfx950,0.0,273.13,2119.03
gfx950,256,160,6144,1536,False,torch.bfloat16,torch.bfloat16,False,False,flydsl,6148,1,10.8476,flydsl_gemm4_abf16_wbf16_bf16_t32x128x128_split_k1_block_m_warp2_block_n_warp4_block_k_warp1_async_copyTrue_b_to_ldsTrue_b_preshuffleFalse_c_to_ldsFalse_gfx950,0.0,278.39,1966.51
gfx950,256,160,6144,3072,False,torch.bfloat16,torch.bfloat16,False,False,flydsl,7460,1,17.9822,flydsl_gemm4_abf16_wbf16_bf16_t64x64x64_split_k1_block_m_warp2_block_n_warp2_block_k_warp1_async_copyTrue_b_to_ldsTrue_b_preshuffleFalse_c_to_ldsFalse_gfx950,0.0,335.88,2263.23
gfx950,256,208,6144,1024,False,torch.bfloat16,torch.bfloat16,False,False,flydsl,4216,1,9.2098,flydsl_gemm4_abf16_wbf16_bf16_t64x64x64_split_k1_block_m_warp1_block_n_warp2_block_k_warp1_async_copyTrue_b_to_ldsTrue_b_preshuffleFalse_c_to_ldsFalse_gfx950,0.0,284.18,1690.03
gfx950,256,208,6144,3072,False,torch.bfloat16,torch.bfloat16,False,False,flydsl,3942,1,20.347,flydsl_gemm3_abf16_wbf16_bf16_t128x64x128_split_k1_block_m_warp4_block_n_warp2_block_k_warp2_async_copyTrue_b_to_ldsTrue_b_preshuffleFalse_c_to_ldsFalse_gfx950,0.0042,385.89,2043.67
gfx950,256,240,6144,1536,False,torch.bfloat16,torch.bfloat16,False,False,flydsl,4682,1,12.608,flydsl_gemm3_abf16_wbf16_bf16_t64x128x128_split_k1_block_m_warp2_block_n_warp4_block_k_warp2_async_copyTrue_b_to_ldsTrue_b_preshuffleFalse_c_to_ldsFalse_gfx950,0.003,359.28,1789.4
gfx950,256,256,6144,1536,False,torch.bfloat16,torch.bfloat16,False,False,flydsl,7182,1,11.9662,flydsl_gemm4_abf16_wbf16_bf16_t96x64x64_split_k1_block_m_warp2_block_n_warp2_block_k_warp1_async_copyTrue_b_to_ldsTrue_b_preshuffleFalse_c_to_ldsFalse_gfx950,0.0,403.79,1905.91
gfx950,256,544,6144,1536,True,torch.bfloat16,torch.bfloat16,False,False,flydsl,3304,1,17.8108,flydsl_gemm3_abf16_wbf16_bf16_t128x128x64_split_k1_block_m_warp4_block_n_warp4_block_k_warp1_async_copyTrue_b_to_ldsTrue_b_preshuffleFalse_c_to_ldsFalse_gfx950,0.0,576.48,1528.86
gfx950,256,576,6144,768,False,torch.bfloat16,torch.bfloat16,False,False,flydsl,4325,1,11.1803,flydsl_gemm4_abf16_wbf16_bf16_t128x128x64_split_k1_block_m_warp4_block_n_warp2_block_k_warp1_async_copyTrue_b_to_ldsTrue_b_preshuffleFalse_c_to_ldsFalse_gfx950,0.0,486.2,1556.29
gfx950,256,576,6144,1536,False,torch.bfloat16,torch.bfloat16,False,False,flydsl,5631,1,17.5106,flydsl_gemm4_abf16_wbf16_bf16_t128x128x64_split_k1_block_m_warp2_block_n_warp4_block_k_warp1_async_copyTrue_b_to_ldsTrue_b_preshuffleFalse_c_to_ldsFalse_gfx950,0.0,620.86,1583.14
gfx950,256,608,6144,1024,False,torch.bfloat16,torch.bfloat16,False,False,flydsl,3474,1,13.0465,flydsl_gemm4_abf16_wbf16_bf16_t128x128x64_split_k1_block_m_warp4_block_n_warp4_block_k_warp1_async_copyTrue_b_to_ldsTrue_b_preshuffleFalse_c_to_ldsFalse_gfx950,0.0,586.4,1632.56
gfx950,256,864,6144,1536,False,torch.bfloat16,torch.bfloat16,False,False,flydsl,3004,1,25.2011,flydsl_gemm2_abf16_wbf16_bf16_t96x128x64_split_k1_block_m_warp2_block_n_warp2_block_k_warp1_async_copyTrue_b_to_ldsTrue_b_preshuffleFalse_c_to_ldsFalse_gfx950,0.0,647.09,1275.56
gfx950,256,1344,6144,768,False,torch.bfloat16,torch.bfloat16,False,False,torch,0,0,18.9568,native,0.0,669.08,1477.92
gfx950,256,1344,6144,1536,True,torch.bfloat16,torch.bfloat16,False,False,torch,0,0,31.0662,native,0.0,816.55,1272.06
gfx950,256,1536,6144,1024,False,torch.bfloat16,torch.bfloat16,False,False,torch,0,0,22.7007,native,0.0,851.4,1524.31
gfx950,256,1664,6144,1536,False,torch.bfloat16,torch.bfloat16,False,False,asm,10,1,39.8651,_ZN5aiter24bf16gemm_bf16_tn_256x256E,0.0,787.83,1114.59
gfx950,256,1728,6144,4096,False,torch.bfloat16,torch.bfloat16,False,False,opus,6400,0,83.9521,opus_gemm_mono_tile_512x192x256x64_2x4_16x16x32_0x0x0_nooob_4g_safe,0.0,1035.98,1021.07
gfx950,256,2304,6144,768,False,torch.bfloat16,torch.bfloat16,False,False,torch,0,0,25.4902,native,0.0,853.01,1619.75
gfx950,256,2304,6144,1536,False,torch.bfloat16,torch.bfloat16,False,False,torch,0,0,43.1955,native,0.0,1006.74,1256.24
gfx950,256,2304,6144,1536,True,torch.bfloat16,torch.bfloat16,False,False,torch,0,0,42.7031,native,0.0,1018.35,1270.72
gfx950,256,2304,6144,3072,True,torch.bfloat16,torch.bfloat16,False,False,torch,0,0,82.6933,native,0.0,1051.75,970.04
gfx950,256,2624,6144,4096,False,torch.bfloat16,torch.bfloat16,False,False,torch,0,0,133.0351,native,0.0,992.75,782.28
gfx950,256,3968,6144,1536,False,torch.bfloat16,torch.bfloat16,False,False,asm,10,1,81.3216,_ZN5aiter24bf16gemm_bf16_tn_256x256E,0.0,920.95,981.57
gfx950,256,4480,6144,4096,False,torch.bfloat16,torch.bfloat16,False,False,torch,0,0,180.0908,native,0.0,1252.07,788.95
gfx950,256,4608,6144,4096,False,torch.bfloat16,torch.bfloat16,False,False,asm,10,1,181.8013,_ZN5aiter24bf16gemm_bf16_tn_256x256E,0.0,1275.72,795.94
gfx950,256,6272,6144,1536,False,torch.bfloat16,torch.bfloat16,False,False,asm,10,1,124.473,_ZN5aiter24bf16gemm_bf16_tn_256x256E,0.0,951.05,925.6
gfx950,256,6528,6144,1024,False,torch.bfloat16,torch.bfloat16,False,False,asm,10,1,93.5909,_ZN5aiter24bf16gemm_bf16_tn_256x256E,0.0,877.66,1134.39
gfx950,256,6528,6144,4096,False,torch.bfloat16,torch.bfloat16,False,False,asm,10,1,273.6423,_ZN5aiter24bf16gemm_bf16_tn_256x256E,0.0,1200.71,672.5
gfx950,256,7552,6144,4096,False,torch.bfloat16,torch.bfloat16,False,False,asm,10,1,269.8567,_ZN5aiter24bf16gemm_bf16_tn_256x256E,0.0,1408.54,759.65
gfx950,256,7936,6144,1024,False,torch.bfloat16,torch.bfloat16,False,False,torch,0,0,98.0046,native,0.0,1018.91,1289.26
gfx950,256,8064,6144,4096,False,torch.bfloat16,torch.bfloat16,False,False,torch,0,0,281.0653,native,0.0,1444.06,766.66
gfx950,256,8448,6144,4096,False,torch.bfloat16,torch.bfloat16,False,False,asm,10,1,336.2186,_ZN5aiter24bf16gemm_bf16_tn_256x256E,0.0,1264.66,664.29
gfx950,256,12416,6144,1536,False,torch.bfloat16,torch.bfloat16,False,False,asm,10,1,197.8726,_ZN5aiter24bf16gemm_bf16_tn_256x256E,0.0,1184.32,1059.19
gfx950,256,12800,6144,1024,False,torch.bfloat16,torch.bfloat16,False,False,asm,10,1,149.5568,_ZN5aiter24bf16gemm_bf16_tn_256x256E,0.0,1076.92,1311.1
gfx950,256,12800,6144,1536,False,torch.bfloat16,torch.bfloat16,False,False,asm,10,1,201.944,_ZN5aiter24bf16gemm_bf16_tn_256x256E,0.0,1196.33,1067.04
gfx950,256,13952,6144,1536,False,torch.bfloat16,torch.bfloat16,False,False,torch,0,0,230.4205,native,0.0,1142.85,1011.96
gfx950,256,16512,6144,1536,False,torch.bfloat16,torch.bfloat16,False,False,asm,10,1,266.7413,_ZN5aiter24bf16gemm_bf16_tn_256x256E,0.0,1168.37,1021.58
gfx950,256,16640,6144,4096,False,torch.bfloat16,torch.bfloat16,False,False,asm,10,1,642.1977,_ZN5aiter24bf16gemm_bf16_tn_256x256E,0.0,1304.14,609.03
gfx950,256,16768,6144,1536,False,torch.bfloat16,torch.bfloat16,False,False,asm,10,1,281.4879,_ZN5aiter24bf16gemm_bf16_tn_256x256E,0.0,1124.33,982.03
gfx950,256,16896,6144,1024,False,torch.bfloat16,torch.bfloat16,False,False,asm,10,1,199.1446,_ZN5aiter24bf16gemm_bf16_tn_256x256E,0.0,1067.57,1279.49
gfx950,256,17024,6144,1024,False,torch.bfloat16,torch.bfloat16,False,False,asm,10,1,198.828,_ZN5aiter24bf16gemm_bf16_tn_256x256E,0.0,1077.37,1290.76
gfx950,256,17152,6144,4096,False,torch.bfloat16,torch.bfloat16,False,False,asm,10,1,601.626,_ZN5aiter24bf16gemm_bf16_tn_256x256E,0.0,1434.93,667.53
gfx950,256,23936,6144,4096,False,torch.bfloat16,torch.bfloat16,False,False,asm,10,1,839.1414,_ZN5aiter24bf16gemm_bf16_tn_256x256E,0.0,1435.68,644.16
gfx950,256,24064,6144,1024,False,torch.bfloat16,torch.bfloat16,False,False,torch,0,0,262.2306,native,0.0,1154.69,1363.55
gfx950,256,24064,6144,1536,False,torch.bfloat16,torch.bfloat16,False,False,torch,0,0,349.6957,native,0.0,1298.82,1110.96
gfx950,256,96,12288,6144,False,torch.bfloat16,torch.bfloat16,False,False,flydsl,6950,1,43.8597,flydsl_gemm4_abf16_wbf16_bf16_t96x64x128_split_k1_block_m_warp1_block_n_warp2_block_k_warp2_async_copyTrue_b_to_ldsTrue_b_preshuffleFalse_c_to_ldsFalse_gfx950,0.0057,330.5,3523.37
gfx950,256,128,12288,6144,False,torch.bfloat16,torch.bfloat16,False,False,torch,0,0,44.8139,native,0.0,431.28,3474.67
gfx950,256,208,12288,6144,False,torch.bfloat16,torch.bfloat16,False,False,torch,0,0,60.4311,native,0.0,519.71,2625.51
gfx950,256,512,12288,6144,False,torch.bfloat16,torch.bfloat16,False,False,torch,0,0,84.8229,native,0.0,911.42,2002.64
gfx950,256,1664,12288,6144,False,torch.bfloat16,torch.bfloat16,False,False,asm,10,1,244.5314,_ZN5aiter24bf16gemm_bf16_tn_256x256E,0.0,1027.5,868.34
gfx950,256,4608,12288,6144,False,torch.bfloat16,torch.bfloat16,False,False,asm,10,1,502.2052,_ZN5aiter24bf16gemm_bf16_tn_256x256E,0.0,1385.46,638.91
gfx950,256,15744,12288,6144,False,torch.bfloat16,torch.bfloat16,False,False,torch,0,0,1571.4163,native,0.0,1512.82,465.43
gfx950,256,16768,12288,6144,False,torch.bfloat16,torch.bfloat16,False,False,asm,10,1,1709.9475,_ZN5aiter24bf16gemm_bf16_tn_256x256E,0.0,1480.68,449.8
gfx950,256,23680,12288,6144,False,torch.bfloat16,torch.bfloat16,False,False,torch,0,0,2364.4985,native,0.0,1512.19,433.05
gfx950,256,1344,480,1280,True,torch.bfloat16,torch.bfloat16,False,False,torch,0,0,9.428,native,0.0,175.17,632.13
gfx950,256,2176,480,1280,True,torch.bfloat16,torch.bfloat16,False,False,torch,0,0,11.4331,native,0.0,233.87,777.42
gfx950,256,2304,640,1280,True,torch.bfloat16,torch.bfloat16,False,False,flydsl,3947,1,11.6179,flydsl_gemm4_abf16_wbf16_bf16_t96x64x64_split_k1_block_m_warp2_block_n_warp2_block_k_warp1_async_copyTrue_b_to_ldsTrue_b_preshuffleFalse_c_to_ldsFalse_gfx950,0.0,324.92,902.55
gfx950,256,16,768,1280,True,torch.bfloat16,torch.bfloat16,False,False,flydsl,2592,5,4.1866,flydsl_gemm4_abf16_wbf16_bf16_t16x64x64_split_k5_block_m_warp1_block_n_warp2_block_k_warp1_async_copyTrue_b_to_ldsTrue_b_preshuffleFalse_c_to_ldsFalse_gfx950,0.0106,7.51,485.27
gfx950,256,352,768,24576,True,torch.bfloat16,torch.bfloat16,False,False,torch,0,0,33.7471,native,0.0,393.74,1647.28
gfx950,256,2176,960,1280,True,torch.bfloat16,torch.bfloat16,False,False,flydsl,876,1,13.0669,flydsl_gemm3_abf16_wbf16_bf16_t128x64x128_split_k1_block_m_warp2_block_n_warp4_block_k_warp1_async_copyTrue_b_to_ldsTrue_b_preshuffleFalse_c_to_ldsFalse_gfx950,0.0,409.26,934.12
gfx950,256,16,1280,160,False,torch.bfloat16,torch.bfloat16,False,False,triton,0,0,3.6471,auto,0.0,1.8,124.94
gfx950,256,16,1280,640,True,torch.bfloat16,torch.bfloat16,False,False,flydsl,1607,1,3.9091,flydsl_gemm4_abf16_wbf16_bf16_t16x64x128_split_k1_block_m_warp1_block_n_warp1_block_k_warp2_async_copyTrue_b_to_ldsTrue_b_preshuffleFalse_c_to_ldsFalse_gfx950,0.0015,6.71,434.84
gfx950,256,16,1280,1280,False,torch.bfloat16,torch.bfloat16,False,False,flydsl,2587,4,4.7966,flydsl_gemm4_abf16_wbf16_bf16_t16x64x64_split_k4_block_m_warp1_block_n_warp1_block_k_warp1_async_copyTrue_b_to_ldsTrue_b_preshuffleFalse_c_to_ldsFalse_gfx950,0.007,10.93,700.23
gfx950,256,16,1280,2560,False,torch.bfloat16,torch.bfloat16,False,False,flydsl,3260,5,5.7296,flydsl_gemm4_abf16_wbf16_bf16_t16x64x128_split_k5_block_m_warp1_block_n_warp1_block_k_warp2_async_copyTrue_b_to_ldsTrue_b_preshuffleFalse_c_to_ldsFalse_gfx950,0.0187,18.3,1165.26
gfx950,256,144,1280,6144,False,torch.bfloat16,torch.bfloat16,False,False,flydsl,9353,4,13.3442,flydsl_gemm6_abf16_wbf16_bf16_t32x64x64_split_k4_block_m_warp2_block_n_warp1_block_k_warp2_async_copyTrue_b_to_ldsTrue_b_preshuffleFalse_c_to_ldsFalse_gfx950,0.0205,169.73,1338.92
gfx950,256,192,1280,6144,False,torch.bfloat16,torch.bfloat16,False,False,flydsl,6966,2,14.8545,flydsl_gemm4_abf16_wbf16_bf16_t32x64x128_split_k2_block_m_warp1_block_n_warp2_block_k_warp2_async_copyTrue_b_to_ldsTrue_b_preshuffleFalse_c_to_ldsFalse_gfx950,0.0135,203.3,1250.76
gfx950,256,208,1280,6144,False,torch.bfloat16,torch.bfloat16,False,False,asm,7,4,15.3781,_ZN5aiter39bf16gemm_fp32bf16_tn_80x64_splitk_cleanE,0.0129,212.74,1223.62
gfx950,256,256,1280,6144,False,torch.bfloat16,torch.bfloat16,False,False,asm,7,3,17.6571,_ZN5aiter39bf16gemm_fp32bf16_tn_80x64_splitk_cleanE,0.0101,228.04,1106.06
gfx950,256,1344,1280,160,False,torch.bfloat16,torch.bfloat16,False,False,torch,0,0,5.9519,native,0.0,92.49,719.15
gfx950,256,1344,1280,640,False,torch.bfloat16,torch.bfloat16,False,False,flydsl,2643,1,7.3161,flydsl_gemm4_abf16_wbf16_bf16_t128x64x64_split_k1_block_m_warp4_block_n_warp2_block_k_warp1_async_copyTrue_b_to_ldsTrue_b_preshuffleFalse_c_to_ldsFalse_gfx950,0.0,300.98,929.37
gfx950,256,1344,1280,1280,False,torch.bfloat16,torch.bfloat16,False,False,flydsl,2451,1,11.6804,flydsl_gemm3_abf16_wbf16_bf16_t128x64x128_split_k1_block_m_warp4_block_n_warp2_block_k_warp2_async_copyTrue_b_to_ldsTrue_b_preshuffleFalse_c_to_ldsFalse_gfx950,0.0025,377.04,869.67
gfx950,256,1344,1280,2560,False,torch.bfloat16,torch.bfloat16,False,False,flydsl,3076,1,18.9978,flydsl_gemm3_abf16_wbf16_bf16_t128x64x128_split_k1_block_m_warp2_block_n_warp4_block_k_warp2_async_copyTrue_b_to_ldsTrue_b_preshuffleFalse_c_to_ldsFalse_gfx950,0.0039,463.63,888.29
gfx950,256,1472,1280,6144,False,torch.bfloat16,torch.bfloat16,False,False,flydsl,4006,1,41.0466,flydsl_gemm3_abf16_wbf16_bf16_t128x64x128_split_k1_block_m_warp4_block_n_warp2_block_k_warp2_async_copyTrue_b_to_ldsTrue_b_preshuffleFalse_c_to_ldsFalse_gfx950,0.0057,564.06,915.66
gfx950,256,2176,1280,640,False,torch.bfloat16,torch.bfloat16,False,False,flydsl,3281,1,9.4504,flydsl_gemm4_abf16_wbf16_bf16_t96x128x64_split_k1_block_m_warp2_block_n_warp2_block_k_warp1_async_copyTrue_b_to_ldsTrue_b_preshuffleFalse_c_to_ldsFalse_gfx950,0.0,377.25,1057.55
gfx950,256,2176,1280,640,True,torch.bfloat16,torch.bfloat16,False,False,flydsl,2563,1,10.3259,flydsl_gemm4_abf16_wbf16_bf16_t128x128x64_split_k1_block_m_warp4_block_n_warp4_block_k_warp1_async_copyTrue_b_to_ldsTrue_b_preshuffleFalse_c_to_ldsFalse_gfx950,0.0,345.26,967.88
gfx950,256,2304,1280,320,False,torch.bfloat16,torch.bfloat16,False,False,flydsl,862,1,6.5084,flydsl_gemm3_abf16_wbf16_bf16_t96x128x64_split_k1_block_m_warp2_block_n_warp2_block_k_warp1_async_copyTrue_b_to_ldsTrue_b_preshuffleFalse_c_to_ldsFalse_gfx950,0.0,290.0,1258.68
gfx950,256,2304,1280,1280,False,torch.bfloat16,torch.bfloat16,False,False,flydsl,4867,1,14.2529,flydsl_gemm4_abf16_wbf16_bf16_t96x128x64_split_k1_block_m_warp2_block_n_warp2_block_k_warp1_async_copyTrue_b_to_ldsTrue_b_preshuffleFalse_c_to_ldsFalse_gfx950,0.0,529.7,1057.56
gfx950,256,2624,1280,6144,False,torch.bfloat16,torch.bfloat16,False,False,flydsl,6219,1,62.1092,flydsl_gemm4_abf16_wbf16_bf16_t128x128x64_split_k1_block_m_warp4_block_n_warp4_block_k_warp1_async_copyTrue_b_to_ldsTrue_b_preshuffleFalse_c_to_ldsFalse_gfx950,0.0,664.51,880.54
gfx950,256,3840,1280,6144,False,torch.bfloat16,torch.bfloat16,False,False,opus,1402,0,78.2097,opus_gemm_mono_tile_512x192x128x64_2x4_16x16x32_0x0x0_nooob,0.0,772.26,930.13
gfx950,256,6528,1280,6144,False,torch.bfloat16,torch.bfloat16,False,False,torch,0,0,99.4212,native,0.0,1032.74,1133.12
gfx950,256,12288,1280,6144,False,torch.bfloat16,torch.bfloat16,False,False,torch,0,0,146.4133,native,0.0,1320.05,1353.57
gfx950,256,14080,1280,6144,False,torch.bfloat16,torch.bfloat16,False,False,torch,0,0,197.6241,native,0.0,1120.61,1137.45
gfx950,256,15488,1280,6144,False,torch.bfloat16,torch.bfloat16,False,False,torch,0,0,207.8403,native,0.0,1172.08,1182.13
gfx950,256,16640,1280,6144,False,torch.bfloat16,torch.bfloat16,False,False,torch,0,0,235.0814,native,0.0,1113.34,1117.91
gfx950,256,16896,1280,6144,False,torch.bfloat16,torch.bfloat16,False,False,opus,6400,0,215.6492,opus_gemm_mono_tile_512x192x256x64_2x4_16x16x32_0x0x0_nooob_4g_safe,0.0,1232.33,1236.27
gfx950,256,17152,1280,6144,False,torch.bfloat16,torch.bfloat16,False,False,torch,0,0,241.8023,native,0.0,1115.7,1118.28
gfx950,256,24832,1280,6144,False,torch.bfloat16,torch.bfloat16,False,False,torch,0,0,288.5313,native,0.0,1353.66,1332.38
gfx950,256,128,1536,6144,False,torch.bfloat16,torch.bfloat16,False,False,asm,7,5,14.3845,_ZN5aiter39bf16gemm_fp32bf16_tn_80x64_splitk_cleanE,0.0152,167.95,1448.81
gfx950,256,160,1536,6144,False,torch.bfloat16,torch.bfloat16,False,False,asm,7,5,13.9808,_ZN5aiter39bf16gemm_fp32bf16_tn_80x64_splitk_cleanE,0.0151,216.0,1525.8
gfx950,256,256,1536,6144,False,torch.bfloat16,torch.bfloat16,False,False,asm,8,3,18.9459,_ZN5aiter39bf16gemm_fp32bf16_tn_96x64_splitk_cleanE,0.01,255.03,1203.77
gfx950,256,352,1536,24576,True,torch.bfloat16,torch.bfloat16,False,False,torch,0,0,56.9818,native,0.0,466.38,1647.55
gfx950,256,3840,1536,6144,False,torch.bfloat16,torch.bfloat16,False,False,opus,6402,0,82.4007,opus_gemm_mono_tile_512x192x128x64_2x4_16x16x32_0x0x0_nooob_4g_safe,0.0,879.57,944.86
gfx950,256,3968,1536,6144,False,torch.bfloat16,torch.bfloat16,False,False,torch,0,0,87.9975,native,0.0,851.09,907.1
gfx950,256,4480,1536,6144,False,torch.bfloat16,torch.bfloat16,False,False,opus,1401,0,95.2268,opus_gemm_mono_tile_512x128x256x64_2x4_16x16x32_0x0x0_nooob,0.0,887.96,920.82
gfx950,256,6912,1536,6144,False,torch.bfloat16,torch.bfloat16,False,False,opus,1400,0,112.2153,opus_gemm_mono_tile_512x192x256x64_2x4_16x16x32_0x0x0_nooob,0.0,1162.58,1114.31
gfx950,256,7552,1536,6144,False,torch.bfloat16,torch.bfloat16,False,False,asm,10,1,143.6716,_ZN5aiter24bf16gemm_bf16_tn_256x256E,0.0,992.12,938.76
gfx950,256,15744,1536,6144,False,torch.bfloat16,torch.bfloat16,False,False,opus,1400,0,241.2383,opus_gemm_mono_tile_512x192x256x64_2x4_16x16x32_0x0x0_nooob,0.0,1231.8,1080.68
gfx950,256,17024,1536,6144,False,torch.bfloat16,torch.bfloat16,False,False,torch,0,0,274.6094,native,0.0,1170.09,1020.95
gfx950,256,2176,1920,1280,True,torch.bfloat16,torch.bfloat16,False,False,flydsl,3033,1,17.7012,flydsl_gemm4_abf16_wbf16_bf16_t128x128x64_split_k1_block_m_warp4_block_n_warp4_block_k_warp1_async_copyTrue_b_to_ldsTrue_b_preshuffleFalse_c_to_ldsFalse_gfx950,0.0,604.22,1064.43
gfx950,256,2304,1920,1280,True,torch.bfloat16,torch.bfloat16,False,False,torch,0,0,20.7039,native,0.0,546.98,949.62
gfx950,256,2176,2560,1280,True,torch.bfloat16,torch.bfloat16,False,False,torch,0,0,24.0192,native,0.0,593.72,968.61
gfx950,256,2304,2560,1280,True,torch.bfloat16,torch.bfloat16,False,False,torch,0,0,22.6648,native,0.0,666.21,1069.87
gfx950,256,96,3072,6144,False,torch.bfloat16,torch.bfloat16,False,False,asm,8,5,16.4981,_ZN5aiter39bf16gemm_fp32bf16_tn_96x64_splitk_cleanE,0.0154,219.65,2395.32
gfx950,256,144,3072,6144,False,torch.bfloat16,torch.bfloat16,False,False,flydsl,6957,1,21.0689,flydsl_gemm4_abf16_wbf16_bf16_t32x64x128_split_k1_block_m_warp1_block_n_warp2_block_k_warp2_async_copyTrue_b_to_ldsTrue_b_preshuffleFalse_c_to_ldsFalse_gfx950,0.0055,258.0,1917.66
gfx950,256,176,3072,6144,False,torch.bfloat16,torch.bfloat16,False,False,flydsl,4865,1,25.0215,flydsl_gemm3_abf16_wbf16_bf16_t32x64x128_split_k1_block_m_warp1_block_n_warp4_block_k_warp1_async_copyTrue_b_to_ldsTrue_b_preshuffleFalse_c_to_ldsFalse_gfx950,0.0,265.52,1638.3
gfx950,256,224,3072,6144,False,torch.bfloat16,torch.bfloat16,False,False,flydsl,5594,1,26.0096,flydsl_gemm3_abf16_wbf16_bf16_t64x64x128_split_k1_block_m_warp2_block_n_warp2_block_k_warp2_async_copyTrue_b_to_ldsTrue_b_preshuffleFalse_c_to_ldsFalse_gfx950,0.0055,325.1,1610.08
gfx950,256,1600,3072,6144,False,torch.bfloat16,torch.bfloat16,False,False,torch,0,0,74.5622,native,0.0,810.03,901.8
gfx950,256,6272,3072,6144,False,torch.bfloat16,torch.bfloat16,False,False,torch,0,0,221.5805,native,0.0,1068.51,692.09
gfx950,256,6528,3072,6144,False,torch.bfloat16,torch.bfloat16,False,False,opus,1400,0,212.7232,opus_gemm_mono_tile_512x192x256x64_2x4_16x16x32_0x0x0_nooob,0.0,1158.42,743.09
gfx950,256,6912,3072,6144,False,torch.bfloat16,torch.bfloat16,False,False,opus,1400,0,214.1828,opus_gemm_mono_tile_512x192x256x64_2x4_16x16x32_0x0x0_nooob,0.0,1218.21,771.07
gfx950,256,7680,3072,6144,False,torch.bfloat16,torch.bfloat16,False,False,opus,6400,0,220.4884,opus_gemm_mono_tile_512x192x256x64_2x4_16x16x32_0x0x0_nooob_4g_safe,0.0,1314.86,813.22
gfx950,256,8448,3072,6144,False,torch.bfloat16,torch.bfloat16,False,False,asm,10,1,255.6314,_ZN5aiter24bf16gemm_bf16_tn_256x256E,0.0,1247.5,756.8
gfx950,256,12416,3072,6144,False,torch.bfloat16,torch.bfloat16,False,False,asm,10,1,374.4918,_ZN5aiter24bf16gemm_bf16_tn_256x256E,0.0,1251.53,711.9
gfx950,256,12672,3072,6144,False,torch.bfloat16,torch.bfloat16,False,False,asm,10,1,378.4997,_ZN5aiter24bf16gemm_bf16_tn_256x256E,0.0,1263.81,716.83
gfx950,256,16384,3072,6144,False,torch.bfloat16,torch.bfloat16,False,False,torch,0,0,418.512,native,0.0,1477.8,811.78
gfx950,256,17024,3072,6144,False,torch.bfloat16,torch.bfloat16,False,False,asm,10,1,501.539,_ZN5aiter24bf16gemm_bf16_tn_256x256E,0.0,1281.33,700.91
gfx950,256,17408,3072,6144,False,torch.bfloat16,torch.bfloat16,False,False,asm,10,1,510.0387,_ZN5aiter24bf16gemm_bf16_tn_256x256E,0.0,1288.39,703.11
gfx950,256,16,4608,6144,False,torch.bfloat16,torch.bfloat16,False,False,flydsl,6996,6,13.2224,flydsl_gemm7_abf16_wbf16_bf16_t16x128x64_split_k6_block_m_warp1_block_n_warp2_block_k_warp1_async_copyTrue_b_to_ldsTrue_b_preshuffleFalse_c_to_ldsFalse_gfx950,0.0179,68.52,4308.38
gfx950,256,32,4608,6144,False,torch.bfloat16,torch.bfloat16,False,False,flydsl,4590,2,16.0062,flydsl_gemm4_abf16_wbf16_bf16_t32x64x128_split_k2_block_m_warp2_block_n_warp2_block_k_warp1_async_copyTrue_b_to_ldsTrue_b_preshuffleFalse_c_to_ldsFalse_gfx950,0.0057,113.2,3580.56
gfx950,256,80,4608,6144,False,torch.bfloat16,torch.bfloat16,False,False,asm,7,3,21.5388,_ZN5aiter39bf16gemm_fp32bf16_tn_80x64_splitk_cleanE,0.0103,210.31,2708.76
gfx950,256,96,4608,6144,False,torch.bfloat16,torch.bfloat16,False,False,asm,8,3,22.2217,_ZN5aiter39bf16gemm_fp32bf16_tn_96x64_splitk_cleanE,0.0102,244.62,2641.0
gfx950,256,112,4608,6144,False,torch.bfloat16,torch.bfloat16,False,False,torch,0,0,25.6238,native,0.0,247.5,2303.78
gfx950,256,128,4608,6144,False,torch.bfloat16,torch.bfloat16,False,False,torch,0,0,25.7939,native,0.0,280.99,2301.92
gfx950,256,160,4608,6144,False,torch.bfloat16,torch.bfloat16,False,False,flydsl,7422,1,26.8085,flydsl_gemm4_abf16_wbf16_bf16_t64x64x128_split_k1_block_m_warp2_block_n_warp4_block_k_warp1_async_copyTrue_b_to_ldsTrue_b_preshuffleFalse_c_to_ldsFalse_gfx950,0.0,337.94,2240.47
gfx950,256,240,4608,6144,False,torch.bfloat16,torch.bfloat16,False,False,torch,0,0,33.0717,native,0.0,410.91,1868.19
gfx950,256,864,4608,6144,False,torch.bfloat16,torch.bfloat16,False,False,flydsl,3721,1,61.7589,flydsl_gemm3_abf16_wbf16_bf16_t128x128x64_split_k1_block_m_warp2_block_n_warp4_block_k_warp2_async_copyTrue_b_to_ldsTrue_b_preshuffleFalse_c_to_ldsFalse_gfx950,0.0056,792.15,1217.68
gfx950,256,1536,4608,6144,False,torch.bfloat16,torch.bfloat16,False,False,opus,6401,0,96.47,opus_gemm_mono_tile_512x128x256x64_2x4_16x16x32_0x0x0_nooob_4g_safe,0.0,901.56,929.34
gfx950,256,1728,4608,6144,False,torch.bfloat16,torch.bfloat16,False,False,flydsl,3865,1,105.7385,flydsl_gemm3_abf16_wbf16_bf16_t128x256x64_split_k1_block_m_warp1_block_n_warp4_block_k_warp2_async_copyTrue_b_to_ldsTrue_b_preshuffleFalse_c_to_ldsFalse_gfx950,0.0057,925.35,886.92
gfx950,256,6144,4608,6144,False,torch.bfloat16,torch.bfloat16,False,False,torch,0,0,271.7185,native,0.0,1280.34,694.63
gfx950,256,6400,4608,6144,False,torch.bfloat16,torch.bfloat16,False,False,asm,10,1,274.4569,_ZN5aiter24bf16gemm_bf16_tn_256x256E,0.0,1320.38,707.76
gfx950,256,8064,4608,6144,False,torch.bfloat16,torch.bfloat16,False,False,opus,1400,0,342.9257,opus_gemm_mono_tile_512x192x256x64_2x4_16x16x32_0x0x0_nooob,0.0,1331.51,670.79
gfx950,256,9216,4608,6144,False,torch.bfloat16,torch.bfloat16,False,False,torch,0,0,392.4752,native,0.0,1329.61,649.22
gfx950,256,15744,4608,6144,False,torch.bfloat16,torch.bfloat16,False,False,torch,0,0,653.9703,native,0.0,1363.17,604.28
gfx950,256,16256,4608,6144,False,torch.bfloat16,torch.bfloat16,False,False,asm,10,1,676.4532,_ZN5aiter24bf16gemm_bf16_tn_256x256E,0.0,1360.72,600.47
gfx950,256,16768,4608,6144,False,torch.bfloat16,torch.bfloat16,False,False,asm,10,1,690.1201,_ZN5aiter24bf16gemm_bf16_tn_256x256E,0.0,1375.78,604.54
gfx950,256,23680,4608,6144,False,torch.bfloat16,torch.bfloat16,False,False,asm,10,1,944.9374,_ZN5aiter24bf16gemm_bf16_tn_256x256E,0.0,1418.97,598.81
gfx950,256,16,4992,6144,False,torch.bfloat16,torch.bfloat16,False,False,flydsl,1935,6,13.9658,flydsl_gemm3_abf16_wbf16_bf16_t16x64x128_split_k6_block_m_warp1_block_n_warp2_block_k_warp1_async_copyTrue_b_to_ldsTrue_b_preshuffleFalse_c_to_ldsFalse_gfx950,0.018,70.28,4417.8
gfx950,256,48,4992,6144,False,torch.bfloat16,torch.bfloat16,False,False,flydsl,6444,3,19.0429,flydsl_gemm8_abf16_wbf16_bf16_t48x64x64_split_k3_block_m_warp1_block_n_warp2_block_k_warp1_async_copyTrue_b_to_ldsTrue_b_preshuffleFalse_c_to_ldsFalse_gfx950,0.0103,154.62,3277.38
gfx950,256,160,4992,6144,False,torch.bfloat16,torch.bfloat16,False,False,torch,0,0,29.7381,native,0.0,330.04,2182.56
gfx950,256,208,4992,6144,False,torch.bfloat16,torch.bfloat16,False,False,torch,0,0,30.9479,native,0.0,412.28,2131.79
gfx950,256,256,4992,6144,False,torch.bfloat16,torch.bfloat16,False,False,flydsl,6366,1,36.9639,flydsl_gemm4_abf16_wbf16_bf16_t96x64x64_split_k1_block_m_warp2_block_n_warp2_block_k_warp1_async_copyTrue_b_to_ldsTrue_b_preshuffleFalse_c_to_ldsFalse_gfx950,0.0,424.83,1813.75
gfx950,256,512,4992,6144,False,torch.bfloat16,torch.bfloat16,False,False,torch,0,0,50.4547,native,0.0,622.48,1441.79
gfx950,256,864,4992,6144,False,torch.bfloat16,torch.bfloat16,False,False,torch,0,0,85.3027,native,0.0,621.31,944.69
gfx950,256,1536,4992,6144,False,torch.bfloat16,torch.bfloat16,False,False,flydsl,3455,1,102.7037,flydsl_gemm3_abf16_wbf16_bf16_t256x128x64_split_k1_block_m_warp4_block_n_warp2_block_k_warp2_async_copyTrue_b_to_ldsTrue_b_preshuffleFalse_c_to_ldsFalse_gfx950,0.0058,917.4,930.36
gfx950,256,2624,4992,6144,False,torch.bfloat16,torch.bfloat16,False,False,torch,0,0,148.0342,native,0.0,1087.32,809.16
gfx950,256,9088,4992,6144,False,torch.bfloat16,torch.bfloat16,False,False,opus,9,0,439.6993,opus_gemm_512x256x256x64_2x4_16x16x32_0x0x0,0.0,1267.85,599.84
gfx950,256,12416,4992,6144,False,torch.bfloat16,torch.bfloat16,False,False,opus,9,0,581.3848,opus_gemm_512x256x256x64_2x4_16x16x32_0x0x0,0.0,1310.01,581.15
gfx950,256,16256,4992,6144,False,torch.bfloat16,torch.bfloat16,False,False,torch,0,0,670.53,native,0.0,1487.14,631.43
gfx950,256,16896,4992,6144,False,torch.bfloat16,torch.bfloat16,False,False,torch,0,0,794.0129,native,0.0,1305.31,551.19
gfx950,256,16,6144,1536,False,torch.bfloat16,torch.bfloat16,False,False,triton,0,0,6.4711,auto,0.0,46.67,2954.7
gfx950,256,16,6144,1536,True,torch.bfloat16,torch.bfloat16,False,False,triton,0,0,6.8046,auto,0.0,44.38,2809.88
gfx950,256,16,6144,3072,True,torch.bfloat16,torch.bfloat16,False,False,flydsl,2548,2,9.9407,flydsl_gemm3_abf16_wbf16_bf16_t16x64x256_split_k2_block_m_warp1_block_n_warp2_block_k_warp1_async_copyTrue_b_to_ldsTrue_b_preshuffleFalse_c_to_ldsFalse_gfx950,0.0061,60.76,3827.06
gfx950,256,80,6144,1024,False,torch.bfloat16,torch.bfloat16,False,False,flydsl,5410,1,6.7931,flydsl_gemm8_abf16_wbf16_bf16_t64x64x64_split_k1_block_m_warp2_block_n_warp4_block_k_warp1_async_copyTrue_b_to_ldsTrue_b_preshuffleFalse_c_to_ldsFalse_gfx950,0.0,148.18,2021.14
gfx950,256,80,6144,1536,False,torch.bfloat16,torch.bfloat16,False,False,flydsl,6001,1,8.8188,flydsl_gemm4_abf16_wbf16_bf16_t64x64x128_split_k1_block_m_warp2_block_n_warp4_block_k_warp1_async_copyTrue_b_to_ldsTrue_b_preshuffleFalse_c_to_ldsFalse_gfx950,0.0,171.22,2279.58
gfx950,256,80,6144,4096,False,torch.bfloat16,torch.bfloat16,False,False,flydsl,4456,1,17.5259,flydsl_gemm5_abf16_wbf16_bf16_t64x64x128_split_k1_block_m_warp2_block_n_warp2_block_k_warp2_async_copyTrue_b_to_ldsTrue_b_preshuffleFalse_c_to_ldsFalse_gfx950,0.0049,229.75,2965.33
gfx950,256,96,6144,1024,False,torch.bfloat16,torch.bfloat16,False,False,flydsl,3689,1,6.8931,flydsl_gemm4_abf16_wbf16_bf16_t64x64x128_split_k1_block_m_warp2_block_n_warp2_block_k_warp2_async_copyTrue_b_to_ldsTrue_b_preshuffleFalse_c_to_ldsFalse_gfx950,0.0022,175.24,2025.09
gfx950,256,96,6144,4096,False,torch.bfloat16,torch.bfloat16,False,False,flydsl,4456,1,17.9732,flydsl_gemm5_abf16_wbf16_bf16_t64x64x128_split_k1_block_m_warp2_block_n_warp2_block_k_warp2_async_copyTrue_b_to_ldsTrue_b_preshuffleFalse_c_to_ldsFalse_gfx950,0.0049,268.84,2909.76
gfx950,256,96,6144,6144,False,torch.bfloat16,torch.bfloat16,False,False,flydsl,4161,1,27.203,flydsl_gemm3_abf16_wbf16_bf16_t32x64x128_split_k1_block_m_warp1_block_n_warp1_block_k_warp2_async_copyTrue_b_to_ldsTrue_b_preshuffleFalse_c_to_ldsFalse_gfx950,0.0057,266.43,2862.07
gfx950,256,112,6144,6144,False,torch.bfloat16,torch.bfloat16,False,False,flydsl,7806,1,29.6466,flydsl_gemm5_abf16_wbf16_bf16_t64x64x128_split_k1_block_m_warp2_block_n_warp2_block_k_warp2_async_copyTrue_b_to_ldsTrue_b_preshuffleFalse_c_to_ldsFalse_gfx950,0.0056,285.22,2639.43
gfx950,256,176,6144,3072,False,torch.bfloat16,torch.bfloat16,False,False,flydsl,7452,1,18.4676,flydsl_gemm4_abf16_wbf16_bf16_t64x64x64_split_k1_block_m_warp1_block_n_warp2_block_k_warp1_async_copyTrue_b_to_ldsTrue_b_preshuffleFalse_c_to_ldsFalse_gfx950,0.0,359.75,2219.71
gfx950,256,192,6144,1024,False,torch.bfloat16,torch.bfloat16,False,False,flydsl,4394,1,8.5625,flydsl_gemm4_abf16_wbf16_bf16_t96x64x64_split_k1_block_m_warp1_block_n_warp4_block_k_warp1_async_copyTrue_b_to_ldsTrue_b_preshuffleFalse_c_to_ldsFalse_gfx950,0.0,282.15,1791.0
gfx950,256,192,6144,4096,False,torch.bfloat16,torch.bfloat16,False,False,flydsl,4295,1,22.9256,flydsl_gemm4_abf16_wbf16_bf16_t64x64x64_split_k1_block_m_warp1_block_n_warp2_block_k_warp1_async_copyTrue_b_to_ldsTrue_b_preshuffleFalse_c_to_ldsFalse_gfx950,0.0,421.52,2366.95
gfx950,256,224,6144,4096,False,torch.bfloat16,torch.bfloat16,False,False,flydsl,2968,1,26.1795,flydsl_gemm3_abf16_wbf16_bf16_t64x128x128_split_k1_block_m_warp2_block_n_warp4_block_k_warp2_async_copyTrue_b_to_ldsTrue_b_preshuffleFalse_c_to_ldsFalse_gfx950,0.0049,430.65,2097.79
gfx950,256,240,6144,6144,False,torch.bfloat16,torch.bfloat16,False,False,flydsl,7676,1,39.2255,flydsl_gemm4_abf16_wbf16_bf16_t80x64x64_split_k1_block_m_warp1_block_n_warp1_block_k_warp2_async_copyTrue_b_to_ldsTrue_b_preshuffleFalse_c_to_ldsFalse_gfx950,0.0056,461.93,2075.07
gfx950,256,544,6144,1536,False,torch.bfloat16,torch.bfloat16,False,False,flydsl,5638,1,17.2823,flydsl_gemm4_abf16_wbf16_bf16_t128x128x64_split_k1_block_m_warp4_block_n_warp4_block_k_warp1_async_copyTrue_b_to_ldsTrue_b_preshuffleFalse_c_to_ldsFalse_gfx950,0.0,594.11,1575.61
gfx950,256,576,6144,3072,True,torch.bfloat16,torch.bfloat16,False,False,flydsl,6137,1,32.336,flydsl_gemm4_abf16_wbf16_bf16_t128x128x64_split_k1_block_m_warp2_block_n_warp4_block_k_warp2_async_copyTrue_b_to_ldsTrue_b_preshuffleFalse_c_to_ldsFalse_gfx950,0.0042,672.42,1495.72
gfx950,256,1344,6144,1536,False,torch.bfloat16,torch.bfloat16,False,False,torch,0,0,31.9481,native,0.0,794.01,1236.95
gfx950,256,1536,6144,1536,False,torch.bfloat16,torch.bfloat16,False,False,torch,0,0,31.7769,native,0.0,912.33,1336.42
gfx950,256,1600,6144,1024,False,torch.bfloat16,torch.bfloat16,False,False,torch,0,0,24.5037,native,0.0,821.62,1449.6
gfx950,256,2176,6144,768,False,torch.bfloat16,torch.bfloat16,False,False,torch,0,0,25.6333,native,0.0,801.12,1541.67
gfx950,256,2176,6144,1536,True,torch.bfloat16,torch.bfloat16,False,False,torch,0,0,45.2807,native,0.0,907.02,1154.97
gfx950,256,2176,6144,3072,True,torch.bfloat16,torch.bfloat16,False,False,torch,0,0,79.5108,native,0.0,1033.08,979.2
gfx950,256,2624,6144,1024,False,torch.bfloat16,torch.bfloat16,False,False,torch,0,0,43.6499,native,0.0,756.42,1150.07
gfx950,256,3968,6144,1024,False,torch.bfloat16,torch.bfloat16,False,False,torch,0,0,60.0768,native,0.0,831.09,1156.32
gfx950,256,6144,6144,1536,False,torch.bfloat16,torch.bfloat16,False,False,opus,1400,0,111.9538,opus_gemm_mono_tile_512x192x256x64_2x4_16x16x32_0x0x0_nooob,0.0,1035.82,1011.54
gfx950,256,6272,6144,1024,False,torch.bfloat16,torch.bfloat16,False,False,asm,10,1,88.5319,_ZN5aiter24bf16gemm_bf16_tn_256x256E,0.0,891.43,1157.76
gfx950,256,6528,6144,1536,False,torch.bfloat16,torch.bfloat16,False,False,asm,10,1,120.5207,_ZN5aiter24bf16gemm_bf16_tn_256x256E,0.0,1022.33,988.58
gfx950,256,7680,6144,1536,False,torch.bfloat16,torch.bfloat16,False,False,asm,10,1,128.8452,_ZN5aiter24bf16gemm_bf16_tn_256x256E,0.0,1125.03,1062.04
gfx950,256,7936,6144,1536,False,torch.bfloat16,torch.bfloat16,False,False,torch,0,0,136.5228,native,0.0,1097.16,1031.12
gfx950,256,8448,6144,1024,False,torch.bfloat16,torch.bfloat16,False,False,asm,10,1,112.0622,_ZN5aiter24bf16gemm_bf16_tn_256x256E,0.0,948.58,1193.03
gfx950,256,9600,6144,4096,False,torch.bfloat16,torch.bfloat16,False,False,asm,10,1,362.7012,_ZN5aiter24bf16gemm_bf16_tn_256x256E,0.0,1332.18,680.83
gfx950,256,11264,6144,1536,False,torch.bfloat16,torch.bfloat16,False,False,asm,10,1,193.2349,_ZN5aiter24bf16gemm_bf16_tn_256x256E,0.0,1100.22,993.04
gfx950,256,12288,6144,1536,False,torch.bfloat16,torch.bfloat16,False,False,asm,10,1,197.8567,_ZN5aiter24bf16gemm_bf16_tn_256x256E,0.0,1172.2,1049.34
gfx950,256,12416,6144,1024,False,torch.bfloat16,torch.bfloat16,False,False,asm,10,1,146.6983,_ZN5aiter24bf16gemm_bf16_tn_256x256E,0.0,1064.97,1299.12
gfx950,256,12416,6144,4096,False,torch.bfloat16,torch.bfloat16,False,False,asm,10,1,452.9423,_ZN5aiter24bf16gemm_bf16_tn_256x256E,0.0,1379.69,672.52
gfx950,256,13952,6144,1024,False,torch.bfloat16,torch.bfloat16,False,False,asm,10,1,168.8464,_ZN5aiter24bf16gemm_bf16_tn_256x256E,0.0,1039.74,1259.13
gfx950,256,15744,6144,4096,False,torch.bfloat16,torch.bfloat16,False,False,torch,0,0,538.1714,native,0.0,1472.43,692.66
gfx950,256,16384,6144,1536,False,torch.bfloat16,torch.bfloat16,False,False,torch,0,0,243.4264,native,0.0,1270.35,1111.35
gfx950,256,16512,6144,1024,False,torch.bfloat16,torch.bfloat16,False,False,asm,10,1,192.3584,_ZN5aiter24bf16gemm_bf16_tn_256x256E,0.0,1080.11,1296.01
gfx950,256,16640,6144,1536,False,torch.bfloat16,torch.bfloat16,False,False,asm,10,1,268.5248,_ZN5aiter24bf16gemm_bf16_tn_256x256E,0.0,1169.61,1022.12
gfx950,256,16768,6144,4096,False,torch.bfloat16,torch.bfloat16,False,False,asm,10,1,625.748,_ZN5aiter24bf16gemm_bf16_tn_256x256E,0.0,1348.72,629.23
gfx950,256,17152,6144,1024,False,torch.bfloat16,torch.bfloat16,False,False,asm,10,1,201.8683,_ZN5aiter24bf16gemm_bf16_tn_256x256E,0.0,1069.12,1280.41
gfx950,256,23808,6144,1024,False,torch.bfloat16,torch.bfloat16,False,False,torch,0,0,263.7578,native,0.0,1135.79,1341.74
gfx950,256,23808,6144,1536,False,torch.bfloat16,torch.bfloat16,False,False,asm,10,1,361.3068,_ZN5aiter24bf16gemm_bf16_tn_256x256E,0.0,1243.71,1064.37
gfx950,256,80,12288,6144,False,torch.bfloat16,torch.bfloat16,False,False,torch,0,0,41.0633,native,0.0,294.17,3748.95
gfx950,256,112,12288,6144,False,torch.bfloat16,torch.bfloat16,False,False,torch,0,0,46.0853,native,0.0,366.96,3366.01
gfx950,256,176,12288,6144,False,torch.bfloat16,torch.bfloat16,False,False,torch,0,0,56.243,native,0.0,472.51,2800.05
gfx950,256,240,12288,6144,False,torch.bfloat16,torch.bfloat16,False,False,torch,0,0,61.1744,native,0.0,592.38,2612.9
gfx950,256,6400,12288,6144,False,torch.bfloat16,torch.bfloat16,False,False,torch,0,0,665.4329,native,0.0,1452.24,581.46
gfx950,256,7552,12288,6144,False,torch.bfloat16,torch.bfloat16,False,False,asm,10,1,803.3902,_ZN5aiter24bf16gemm_bf16_tn_256x256E,0.0,1419.38,534.47
gfx950,256,9600,12288,6144,False,torch.bfloat16,torch.bfloat16,False,False,asm,10,1,1041.6637,_ZN5aiter24bf16gemm_bf16_tn_256x256E,0.0,1391.57,484.7
gfx950,256,11264,12288,6144,False,torch.bfloat16,torch.bfloat16,False,False,asm,10,1,1171.1199,_ZN5aiter24bf16gemm_bf16_tn_256x256E,0.0,1452.29,483.5
gfx950,256,16384,12288,6144,False,torch.bfloat16,torch.bfloat16,False,False,torch,0,0,1632.2642,native,0.0,1515.63,462.53
gfx950,256,16896,12288,6144,False,torch.bfloat16,torch.bfloat16,False,False,asm,10,1,1725.7297,_ZN5aiter24bf16gemm_bf16_tn_256x256E,0.0,1478.34,448.42
gfx950,256,17280,12288,6144,False,torch.bfloat16,torch.bfloat16,False,False,torch,0,0,1743.737,native,0.0,1496.32,451.91
gfx950,256,16,640,1280,True,torch.bfloat16,torch.bfloat16,False,False,flydsl,2620,4,4.0808,flydsl_gemm5_abf16_wbf16_bf16_t16x64x64_split_k4_block_m_warp1_block_n_warp2_block_k_warp1_async_copyTrue_b_to_ldsTrue_b_preshuffleFalse_c_to_ldsFalse_gfx950,0.0073,6.42,416.55
gfx950,256,1344,768,1280,True,torch.bfloat16,torch.bfloat16,False,False,flydsl,4688,1,8.8565,flydsl_gemm4_abf16_wbf16_bf16_t64x64x128_split_k1_block_m_warp4_block_n_warp2_block_k_warp1_async_copyTrue_b_to_ldsTrue_b_preshuffleFalse_c_to_ldsFalse_gfx950,0.0,298.36,843.57
gfx950,256,2176,768,1280,True,torch.bfloat16,torch.bfloat16,False,False,flydsl,3211,1,11.9704,flydsl_gemm3_abf16_wbf16_bf16_t64x128x128_split_k1_block_m_warp4_block_n_warp2_block_k_warp2_async_copyTrue_b_to_ldsTrue_b_preshuffleFalse_c_to_ldsFalse_gfx950,0.0026,357.4,908.82
gfx950,256,16,960,1280,True,torch.bfloat16,torch.bfloat16,False,False,flydsl,933,4,4.3839,flydsl_gemm4_abf16_wbf16_bf16_t16x64x64_split_k4_block_m_warp1_block_n_warp2_block_k_warp1_async_copyTrue_b_to_ldsTrue_b_preshuffleFalse_c_to_ldsFalse_gfx950,0.0089,8.97,576.95
gfx950,256,80,1280,6144,False,torch.bfloat16,torch.bfloat16,False,False,flydsl,7510,4,10.9642,flydsl_gemm5_abf16_wbf16_bf16_t32x64x128_split_k4_block_m_warp1_block_n_warp4_block_k_warp1_async_copyTrue_b_to_ldsTrue_b_preshuffleFalse_c_to_ldsFalse_gfx950,0.0132,114.76,1542.88
gfx950,256,1344,1280,640,True,torch.bfloat16,torch.bfloat16,False,False,flydsl,2640,1,7.6089,flydsl_gemm4_abf16_wbf16_bf16_t128x64x64_split_k1_block_m_warp2_block_n_warp4_block_k_warp1_async_copyTrue_b_to_ldsTrue_b_preshuffleFalse_c_to_ldsFalse_gfx950,0.0,289.4,893.61
gfx950,256,1536,1280,6144,False,torch.bfloat16,torch.bfloat16,False,False,flydsl,4006,1,42.9471,flydsl_gemm3_abf16_wbf16_bf16_t128x64x128_split_k1_block_m_warp4_block_n_warp2_block_k_warp2_async_copyTrue_b_to_ldsTrue_b_preshuffleFalse_c_to_ldsFalse_gfx950,0.0057,562.53,897.27
gfx950,256,16384,1280,6144,False,torch.bfloat16,torch.bfloat16,False,False,torch,0,0,216.0038,native,0.0,1193.03,1199.04
gfx950,256,3584,1536,6144,False,torch.bfloat16,torch.bfloat16,False,False,torch,0,0,79.7768,native,0.0,847.94,926.64
gfx950,256,6272,1536,6144,False,torch.bfloat16,torch.bfloat16,False,False,torch,0,0,109.7373,native,0.0,1078.76,1049.89
gfx950,256,11264,1536,6144,False,torch.bfloat16,torch.bfloat16,False,False,torch,0,0,191.0224,native,0.0,1112.96,1004.54
gfx950,256,12416,1536,6144,False,torch.bfloat16,torch.bfloat16,False,False,torch,0,0,216.1024,native,0.0,1084.41,969.84
gfx950,256,15488,1536,6144,False,torch.bfloat16,torch.bfloat16,False,False,torch,0,0,239.8055,native,0.0,1219.01,1070.74
gfx950,256,16512,1536,6144,False,torch.bfloat16,torch.bfloat16,False,False,opus,5300,0,269.8581,opus_gemm_persistent_512x256x256x64_2x4_16x16x32_0x0x0_4g_safe,0.0,1154.88,1009.79
gfx950,256,544,3072,24576,True,torch.bfloat16,torch.bfloat16,False,False,flydsl,6242,2,127.7578,flydsl_gemm4_abf16_wbf16_bf16_t128x128x64_split_k2_block_m_warp4_block_n_warp4_block_k_warp1_async_copyTrue_b_to_ldsTrue_b_preshuffleFalse_c_to_ldsFalse_gfx950,0.0104,642.95,1417.34
gfx950,256,864,3072,6144,False,torch.bfloat16,torch.bfloat16,False,False,flydsl,7707,1,53.414,flydsl_gemm4_abf16_wbf16_bf16_t96x128x64_split_k1_block_m_warp1_block_n_warp4_block_k_warp1_async_copyTrue_b_to_ldsTrue_b_preshuffleFalse_c_to_ldsFalse_gfx950,0.0,610.61,1004.87
gfx950,256,2176,3072,1280,True,torch.bfloat16,torch.bfloat16,False,False,flydsl,2704,1,25.6721,flydsl_gemm3_abf16_wbf16_bf16_t256x128x64_split_k1_block_m_warp4_block_n_warp4_block_k_warp1_async_copyTrue_b_to_ldsTrue_b_preshuffleFalse_c_to_ldsFalse_gfx950,0.0,666.59,1044.1
gfx950,256,11264,3072,6144,False,torch.bfloat16,torch.bfloat16,False,False,asm,10,1,368.8515,_ZN5aiter24bf16gemm_bf16_tn_256x256E,0.0,1152.77,665.22
gfx950,256,12288,3072,6144,False,torch.bfloat16,torch.bfloat16,False,False,opus,6400,0,338.5133,opus_gemm_mono_tile_512x192x256x64_2x4_16x16x32_0x0x0_nooob_4g_safe,0.0,1370.28,780.59
gfx950,256,13952,3072,6144,False,torch.bfloat16,torch.bfloat16,False,False,torch,0,0,398.366,native,0.0,1322.08,740.3
gfx950,256,15744,3072,6144,False,torch.bfloat16,torch.bfloat16,False,False,torch,0,0,415.0012,native,0.0,1432.08,790.22
gfx950,256,144,4608,6144,False,torch.bfloat16,torch.bfloat16,False,False,flydsl,8625,1,26.3808,flydsl_gemm5_abf16_wbf16_bf16_t64x64x128_split_k1_block_m_warp2_block_n_warp2_block_k_warp2_async_copyTrue_b_to_ldsTrue_b_preshuffleFalse_c_to_ldsFalse_gfx950,0.0056,309.08,2263.76
gfx950,256,224,4608,6144,False,torch.bfloat16,torch.bfloat16,False,False,torch,0,0,29.9196,native,0.0,423.92,2053.5
gfx950,256,12416,4608,6144,False,torch.bfloat16,torch.bfloat16,False,False,torch,0,0,521.226,native,0.0,1348.81,620.88
gfx950,256,16640,4608,6144,False,torch.bfloat16,torch.bfloat16,False,False,asm,10,1,684.0575,_ZN5aiter24bf16gemm_bf16_tn_256x256E,0.0,1377.38,605.87
gfx950,256,1664,4992,6144,False,torch.bfloat16,torch.bfloat16,False,False,torch,0,0,99.845,native,0.0,1022.31,985.55
gfx950,256,16,6144,768,False,torch.bfloat16,torch.bfloat16,False,False,triton,0,0,4.6865,auto,0.0,32.22,2060.89
gfx950,256,32,6144,1024,False,torch.bfloat16,torch.bfloat16,False,False,triton,0,0,5.2456,auto,0.0,76.76,2486.21
gfx950,256,48,6144,1536,False,torch.bfloat16,torch.bfloat16,False,False,flydsl,3787,1,7.611,flydsl_gemm4_abf16_wbf16_bf16_t16x64x128_split_k1_block_m_warp1_block_n_warp2_block_k_warp1_async_copyTrue_b_to_ldsTrue_b_preshuffleFalse_c_to_ldsFalse_gfx950,0.0,119.03,2576.75
gfx950,256,80,6144,6144,False,torch.bfloat16,torch.bfloat16,False,False,flydsl,7806,1,26.3902,flydsl_gemm5_abf16_wbf16_bf16_t64x64x128_split_k1_block_m_warp2_block_n_warp2_block_k_warp2_async_copyTrue_b_to_ldsTrue_b_preshuffleFalse_c_to_ldsFalse_gfx950,0.0057,228.87,2935.32
gfx950,256,144,6144,3072,False,torch.bfloat16,torch.bfloat16,False,False,flydsl,7757,1,17.5235,flydsl_gemm4_abf16_wbf16_bf16_t96x64x64_split_k1_block_m_warp2_block_n_warp2_block_k_warp1_async_copyTrue_b_to_ldsTrue_b_preshuffleFalse_c_to_ldsFalse_gfx950,0.0,310.2,2305.64
gfx950,256,144,6144,6144,False,torch.bfloat16,torch.bfloat16,False,False,flydsl,7137,1,31.3377,flydsl_gemm4_abf16_wbf16_bf16_t48x64x64_split_k1_block_m_warp1_block_n_warp1_block_k_warp2_async_copyTrue_b_to_ldsTrue_b_preshuffleFalse_c_to_ldsFalse_gfx950,0.0057,346.92,2522.09
gfx950,256,160,6144,1024,False,torch.bfloat16,torch.bfloat16,False,False,flydsl,4397,1,8.1136,flydsl_gemm4_abf16_wbf16_bf16_t96x64x64_split_k1_block_m_warp2_block_n_warp2_block_k_warp1_async_copyTrue_b_to_ldsTrue_b_preshuffleFalse_c_to_ldsFalse_gfx950,0.0,248.13,1833.55
gfx950,256,192,6144,3072,False,torch.bfloat16,torch.bfloat16,False,False,flydsl,7452,1,18.1644,flydsl_gemm4_abf16_wbf16_bf16_t64x64x64_split_k1_block_m_warp1_block_n_warp2_block_k_warp1_async_copyTrue_b_to_ldsTrue_b_preshuffleFalse_c_to_ldsFalse_gfx950,0.0,399.01,2273.0
gfx950,256,208,6144,6144,False,torch.bfloat16,torch.bfloat16,False,False,torch,0,0,36.3372,native,0.0,432.16,2218.37
gfx950,256,224,6144,1536,False,torch.bfloat16,torch.bfloat16,False,False,flydsl,7032,1,12.1445,flydsl_gemm4_abf16_wbf16_bf16_t80x64x64_split_k1_block_m_warp1_block_n_warp2_block_k_warp1_async_copyTrue_b_to_ldsTrue_b_preshuffleFalse_c_to_ldsFalse_gfx950,0.0,348.13,1837.46
gfx950,256,240,6144,3072,False,torch.bfloat16,torch.bfloat16,False,False,flydsl,7598,1,20.8224,flydsl_gemm4_abf16_wbf16_bf16_t80x64x64_split_k1_block_m_warp1_block_n_warp2_block_k_warp1_async_copyTrue_b_to_ldsTrue_b_preshuffleFalse_c_to_ldsFalse_gfx950,0.0,435.09,2025.34
gfx950,256,352,6144,768,False,torch.bfloat16,torch.bfloat16,False,False,flydsl,4005,1,10.2375,flydsl_gemm3_abf16_wbf16_bf16_t80x128x128_split_k1_block_m_warp1_block_n_warp4_block_k_warp1_async_copyTrue_b_to_ldsTrue_b_preshuffleFalse_c_to_ldsFalse_gfx950,0.0,324.48,1397.14
gfx950,256,352,6144,768,True,torch.bfloat16,torch.bfloat16,False,False,flydsl,2335,1,10.4011,flydsl_gemm2_abf16_wbf16_bf16_t96x64x128_split_k1_block_m_warp1_block_n_warp4_block_k_warp1_async_copyTrue_b_to_ldsTrue_b_preshuffleFalse_c_to_ldsFalse_gfx950,0.0,319.38,1375.17
gfx950,256,576,6144,1536,True,torch.bfloat16,torch.bfloat16,False,False,flydsl,5636,1,18.2298,flydsl_gemm4_abf16_wbf16_bf16_t128x128x64_split_k1_block_m_warp4_block_n_warp2_block_k_warp1_async_copyTrue_b_to_ldsTrue_b_preshuffleFalse_c_to_ldsFalse_gfx950,0.0,596.37,1520.68
gfx950,256,2176,6144,1536,False,torch.bfloat16,torch.bfloat16,False,False,asm,10,1,44.9284,_ZN5aiter24bf16gemm_bf16_tn_256x256E,0.0,914.14,1164.02
gfx950,256,3584,6144,1024,False,torch.bfloat16,torch.bfloat16,False,False,torch,0,0,51.4712,native,0.0,876.16,1242.7
gfx950,256,4480,6144,1536,False,torch.bfloat16,torch.bfloat16,False,False,torch,0,0,84.7361,native,0.0,997.89,1034.83
gfx950,256,6400,6144,4096,False,torch.bfloat16,torch.bfloat16,False,False,asm,10,1,253.2628,_ZN5aiter24bf16gemm_bf16_tn_256x256E,0.0,1271.89,716.27
gfx950,256,11264,6144,1024,False,torch.bfloat16,torch.bfloat16,False,False,asm,10,1,139.0161,_ZN5aiter24bf16gemm_bf16_tn_256x256E,0.0,1019.55,1252.11
gfx950,256,14080,6144,1024,False,torch.bfloat16,torch.bfloat16,False,False,asm,10,1,170.5779,_ZN5aiter24bf16gemm_bf16_tn_256x256E,0.0,1038.63,1257.1
gfx950,256,16640,6144,1024,False,torch.bfloat16,torch.bfloat16,False,False,asm,10,1,197.7315,_ZN5aiter24bf16gemm_bf16_tn_256x256E,0.0,1058.91,1270.08
gfx950,256,17280,6144,4096,False,torch.bfloat16,torch.bfloat16,False,False,asm,10,1,620.1363,_ZN5aiter24bf16gemm_bf16_tn_256x256E,0.0,1402.48,651.83
gfx950,256,23680,6144,4096,False,torch.bfloat16,torch.bfloat16,False,False,torch,0,0,811.7234,native,0.0,1468.3,659.46
gfx950,256,160,12288,6144,False,torch.bfloat16,torch.bfloat16,False,False,torch,0,0,46.1976,native,0.0,522.95,3396.13
gfx950,256,8064,12288,6144,False,torch.bfloat16,torch.bfloat16,False,False,torch,0,0,807.8447,native,0.0,1507.25,554.89
gfx950,256,17152,12288,6144,False,torch.bfloat16,torch.bfloat16,False,False,torch,0,0,1706.3736,native,0.0,1517.76,459.04
gfx950,256,128,1280,6144,False,torch.bfloat16,torch.bfloat16,False,False,flydsl,10350,3,12.1296,flydsl_gemm8_abf16_wbf16_bf16_t32x64x64_split_k3_block_m_warp1_block_n_warp4_block_k_warp1_async_copyTrue_b_to_ldsTrue_b_preshuffleFalse_c_to_ldsFalse_gfx950,0.0099,165.98,1453.4
gfx950,256,176,1280,6144,False,torch.bfloat16,torch.bfloat16,False,False,asm,8,5,14.1463,_ZN5aiter39bf16gemm_fp32bf16_tn_96x64_splitk_cleanE,0.0151,195.69,1296.59
gfx950,256,2304,1280,640,False,torch.bfloat16,torch.bfloat16,False,False,flydsl,2413,1,9.4454,flydsl_gemm3_abf16_wbf16_bf16_t96x128x64_split_k1_block_m_warp2_block_n_warp2_block_k_warp1_async_copyTrue_b_to_ldsTrue_b_preshuffleFalse_c_to_ldsFalse_gfx950,0.0,399.65,1110.14
gfx950,256,7680,1280,6144,False,torch.bfloat16,torch.bfloat16,False,False,opus,1400,0,109.3248,opus_gemm_mono_tile_512x192x256x64_2x4_16x16x32_0x0x0_nooob,0.0,1104.93,1186.93
gfx950,256,12672,1280,6144,False,torch.bfloat16,torch.bfloat16,False,False,asm,10,1,153.6651,_ZN5aiter24bf16gemm_bf16_tn_256x256E,0.0,1297.06,1326.8
gfx950,256,24064,1280,6144,False,torch.bfloat16,torch.bfloat16,False,False,asm,10,1,299.4406,_ZN5aiter24bf16gemm_bf16_tn_256x256E,0.0,1264.0,1245.76
gfx950,256,32,1536,6144,False,torch.bfloat16,torch.bfloat16,False,False,flydsl,4614,6,8.7361,flydsl_gemm4_abf16_wbf16_bf16_t32x64x128_split_k6_block_m_warp1_block_n_warp4_block_k_warp1_async_copyTrue_b_to_ldsTrue_b_preshuffleFalse_c_to_ldsFalse_gfx950,0.0176,69.14,2216.77
gfx950,256,80,1536,6144,False,torch.bfloat16,torch.bfloat16,False,False,flydsl,6160,3,11.6359,flydsl_gemm4_abf16_wbf16_bf16_t32x64x128_split_k3_block_m_warp2_block_n_warp2_block_k_warp1_async_copyTrue_b_to_ldsTrue_b_preshuffleFalse_c_to_ldsFalse_gfx950,0.0101,129.77,1727.68
gfx950,256,4608,1536,6144,False,torch.bfloat16,torch.bfloat16,False,False,opus,6401,0,90.4944,opus_gemm_mono_tile_512x128x256x64_2x4_16x16x32_0x0x0_nooob_4g_safe,0.0,961.09,990.7
gfx950,256,12288,1536,6144,False,torch.bfloat16,torch.bfloat16,False,False,torch,0,0,194.0494,native,0.0,1195.2,1069.92
gfx950,256,16768,1536,6144,False,torch.bfloat16,torch.bfloat16,False,False,torch,0,0,270.8027,native,0.0,1168.69,1020.78
gfx950,256,17408,1536,6144,False,torch.bfloat16,torch.bfloat16,False,False,torch,0,0,275.8435,native,0.0,1191.13,1037.77
gfx950,256,24064,1536,6144,False,torch.bfloat16,torch.bfloat16,False,False,torch,0,0,383.9972,native,0.0,1182.8,1011.72
gfx950,256,16,1920,1280,True,torch.bfloat16,torch.bfloat16,False,False,flydsl,1951,5,5.2411,flydsl_gemm4_abf16_wbf16_bf16_t16x64x64_split_k5_block_m_warp1_block_n_warp2_block_k_warp1_async_copyTrue_b_to_ldsTrue_b_preshuffleFalse_c_to_ldsFalse_gfx950,0.009,15.01,957.36
gfx950,256,32,3072,6144,False,torch.bfloat16,torch.bfloat16,False,False,flydsl,4605,4,11.8272,flydsl_gemm4_abf16_wbf16_bf16_t32x64x128_split_k4_block_m_warp1_block_n_warp4_block_k_warp1_async_copyTrue_b_to_ldsTrue_b_preshuffleFalse_c_to_ldsFalse_gfx950,0.0125,102.13,3241.56
gfx950,256,64,3072,6144,False,torch.bfloat16,torch.bfloat16,False,False,asm,5,5,15.3578,_ZN5aiter39bf16gemm_fp32bf16_tn_64x64_splitk_cleanE,0.0151,157.31,2534.76
gfx950,256,128,3072,6144,False,torch.bfloat16,torch.bfloat16,False,False,flydsl,5612,2,20.8532,flydsl_gemm3_abf16_wbf16_bf16_t64x64x128_split_k2_block_m_warp2_block_n_warp4_block_k_warp1_async_copyTrue_b_to_ldsTrue_b_preshuffleFalse_c_to_ldsFalse_gfx950,0.0058,231.71,1923.35
gfx950,256,192,3072,6144,False,torch.bfloat16,torch.bfloat16,False,False,flydsl,4865,1,24.981,flydsl_gemm3_abf16_wbf16_bf16_t32x64x128_split_k1_block_m_warp1_block_n_warp4_block_k_warp1_async_copyTrue_b_to_ldsTrue_b_preshuffleFalse_c_to_ldsFalse_gfx950,0.0,290.13,1652.76
gfx950,256,2304,3072,1280,True,torch.bfloat16,torch.bfloat16,False,False,flydsl,2704,1,26.1193,flydsl_gemm3_abf16_wbf16_bf16_t256x128x64_split_k1_block_m_warp4_block_n_warp4_block_k_warp1_async_copyTrue_b_to_ldsTrue_b_preshuffleFalse_c_to_ldsFalse_gfx950,0.0,693.72,1068.88
gfx950,256,3968,3072,6144,False,torch.bfloat16,torch.bfloat16,False,False,torch,0,0,124.4141,native,0.0,1203.94,891.27
gfx950,256,16640,3072,6144,False,torch.bfloat16,torch.bfloat16,False,False,asm,10,1,504.6967,_ZN5aiter24bf16gemm_bf16_tn_256x256E,0.0,1244.59,682.5
gfx950,256,4480,4608,6144,False,torch.bfloat16,torch.bfloat16,False,False,torch,0,0,212.56,native,0.0,1193.41,719.61
gfx950,256,9088,4608,6144,False,torch.bfloat16,torch.bfloat16,False,False,torch,0,0,387.8983,native,0.0,1326.61,649.79
gfx950,256,96,4992,6144,False,torch.bfloat16,torch.bfloat16,False,False,asm,8,3,23.6686,_ZN5aiter39bf16gemm_fp32bf16_tn_96x64_splitk_cleanE,0.0102,248.8,2682.03
gfx950,256,128,4992,6144,False,torch.bfloat16,torch.bfloat16,False,False,torch,0,0,26.4902,native,0.0,296.4,2423.26
gfx950,256,1728,4992,6144,False,torch.bfloat16,torch.bfloat16,False,False,torch,0,0,105.3151,native,0.0,1006.49,947.9
gfx950,256,11264,4992,6144,False,torch.bfloat16,torch.bfloat16,False,False,torch,0,0,527.5654,native,0.0,1309.7,591.8
gfx950,256,15744,4992,6144,False,torch.bfloat16,torch.bfloat16,False,False,torch,0,0,662.8474,native,0.0,1456.99,621.55
gfx950,256,16768,4992,6144,False,torch.bfloat16,torch.bfloat16,False,False,torch,0,0,786.8215,native,0.0,1307.26,552.6
gfx950,256,64,6144,1024,False,torch.bfloat16,torch.bfloat16,False,False,flydsl,4194,1,6.1749,flydsl_gemm5_abf16_wbf16_bf16_t32x64x128_split_k1_block_m_warp1_block_n_warp4_block_k_warp1_async_copyTrue_b_to_ldsTrue_b_preshuffleFalse_c_to_ldsFalse_gfx950,0.0,130.42,2186.34
gfx950,256,80,6144,3072,False,torch.bfloat16,torch.bfloat16,False,False,flydsl,7727,1,14.0823,flydsl_gemm5_abf16_wbf16_bf16_t64x64x128_split_k1_block_m_warp2_block_n_warp2_block_k_warp2_async_copyTrue_b_to_ldsTrue_b_preshuffleFalse_c_to_ldsFalse_gfx950,0.0041,214.45,2785.29
gfx950,256,160,6144,6144,False,torch.bfloat16,torch.bfloat16,False,False,torch,0,0,31.0896,native,0.0,388.54,2554.86
gfx950,256,176,6144,6144,False,torch.bfloat16,torch.bfloat16,False,False,flydsl,7529,1,34.1181,flydsl_gemm4_abf16_wbf16_bf16_t64x64x64_split_k1_block_m_warp1_block_n_warp1_block_k_warp2_async_copyTrue_b_to_ldsTrue_b_preshuffleFalse_c_to_ldsFalse_gfx950,0.0056,389.46,2339.6
gfx950,256,192,6144,1536,False,torch.bfloat16,torch.bfloat16,False,False,flydsl,6887,1,11.6134,flydsl_gemm4_abf16_wbf16_bf16_t64x64x64_split_k1_block_m_warp1_block_n_warp1_block_k_warp2_async_copyTrue_b_to_ldsTrue_b_preshuffleFalse_c_to_ldsFalse_gfx950,0.0029,312.04,1879.16
gfx950,256,192,6144,6144,False,torch.bfloat16,torch.bfloat16,False,False,flydsl,7529,1,34.6912,flydsl_gemm4_abf16_wbf16_bf16_t64x64x64_split_k1_block_m_warp1_block_n_warp1_block_k_warp2_async_copyTrue_b_to_ldsTrue_b_preshuffleFalse_c_to_ldsFalse_gfx950,0.0056,417.84,2312.29
gfx950,256,544,6144,768,False,torch.bfloat16,torch.bfloat16,False,False,flydsl,4320,1,11.2491,flydsl_gemm4_abf16_wbf16_bf16_t128x128x64_split_k1_block_m_warp2_block_n_warp4_block_k_warp1_async_copyTrue_b_to_ldsTrue_b_preshuffleFalse_c_to_ldsFalse_gfx950,0.0,456.38,1507.45
gfx950,256,1344,6144,3072,True,torch.bfloat16,torch.bfloat16,False,False,torch,0,0,57.2933,native,0.0,885.52,1091.25
gfx950,256,1600,6144,1536,False,torch.bfloat16,torch.bfloat16,False,False,torch,0,0,34.3046,native,0.0,880.32,1266.6
gfx950,256,2176,6144,768,True,torch.bfloat16,torch.bfloat16,False,False,torch,0,0,25.4653,native,0.0,806.4,1551.85
gfx950,256,3584,6144,1536,False,torch.bfloat16,torch.bfloat16,False,False,torch,0,0,71.1814,native,0.0,950.33,1038.54
gfx950,256,6144,6144,1024,False,torch.bfloat16,torch.bfloat16,False,False,opus,1400,0,79.852,opus_gemm_mono_tile_512x192x256x64_2x4_16x16x32_0x0x0_nooob,0.0,968.16,1260.62
gfx950,256,12672,6144,1024,False,torch.bfloat16,torch.bfloat16,False,False,asm,10,1,149.5872,_ZN5aiter24bf16gemm_bf16_tn_256x256E,0.0,1065.94,1298.57
gfx950,256,14080,6144,1536,False,torch.bfloat16,torch.bfloat16,False,False,torch,0,0,232.4485,native,0.0,1143.27,1011.59
gfx950,256,15488,6144,1536,False,torch.bfloat16,torch.bfloat16,False,False,torch,0,0,238.0426,native,0.0,1228.04,1078.67
gfx950,256,17024,6144,4096,False,torch.bfloat16,torch.bfloat16,False,False,asm,10,1,607.6052,_ZN5aiter24bf16gemm_bf16_tn_256x256E,0.0,1410.2,656.65
gfx950,256,64,12288,6144,False,torch.bfloat16,torch.bfloat16,False,False,torch,0,0,37.5889,native,0.0,257.09,4079.77
gfx950,256,192,12288,6144,False,torch.bfloat16,torch.bfloat16,False,False,torch,0,0,54.4726,native,0.0,532.21,2901.88
gfx950,256,256,12288,6144,False,torch.bfloat16,torch.bfloat16,False,False,torch,0,0,62.5441,native,0.0,618.04,2565.1
gfx950,256,9216,12288,6144,False,torch.bfloat16,torch.bfloat16,False,False,torch,0,0,912.2422,native,0.0,1525.44,537.94
gfx950,256,17024,12288,6144,False,torch.bfloat16,torch.bfloat16,False,False,torch,0,0,1687.7157,native,0.0,1523.09,461.31
gfx950,256,2304,768,1280,True,torch.bfloat16,torch.bfloat16,False,False,flydsl,3206,1,12.2731,flydsl_gemm3_abf16_wbf16_bf16_t64x128x128_split_k1_block_m_warp2_block_n_warp4_block_k_warp2_async_copyTrue_b_to_ldsTrue_b_preshuffleFalse_c_to_ldsFalse_gfx950,0.0026,369.09,929.13
gfx950,256,64,1280,6144,False,torch.bfloat16,torch.bfloat16,False,False,flydsl,8333,3,10.5665,flydsl_gemm6_abf16_wbf16_bf16_t16x64x128_split_k3_block_m_warp1_block_n_warp1_block_k_warp2_async_copyTrue_b_to_ldsTrue_b_preshuffleFalse_c_to_ldsFalse_gfx950,0.0179,95.27,1578.47
gfx950,256,864,1280,6144,False,torch.bfloat16,torch.bfloat16,False,False,torch,0,0,32.574,native,0.0,417.19,876.69
gfx950,256,1344,1280,160,True,torch.bfloat16,torch.bfloat16,False,False,torch,0,0,6.0875,native,0.0,90.43,703.13
gfx950,256,1344,1280,2560,True,torch.bfloat16,torch.bfloat16,False,False,flydsl,3081,1,19.3878,flydsl_gemm3_abf16_wbf16_bf16_t128x64x128_split_k1_block_m_warp4_block_n_warp2_block_k_warp2_async_copyTrue_b_to_ldsTrue_b_preshuffleFalse_c_to_ldsFalse_gfx950,0.0039,454.31,870.42
gfx950,256,2176,1280,320,True,torch.bfloat16,torch.bfloat16,False,False,flydsl,371,1,6.7945,flydsl_gemm2_abf16_wbf16_bf16_t64x64x64_split_k1_block_m_warp2_block_n_warp4_block_k_warp1_async_copyTrue_b_to_ldsTrue_b_preshuffleFalse_c_to_ldsFalse_gfx950,0.0,262.36,1145.4
gfx950,256,2304,1280,160,False,torch.bfloat16,torch.bfloat16,False,False,torch,0,0,6.7411,native,0.0,139.99,1045.1
gfx950,256,6144,1280,6144,False,torch.bfloat16,torch.bfloat16,False,False,opus,1401,0,93.8061,opus_gemm_mono_tile_512x128x256x64_2x4_16x16x32_0x0x0_nooob,0.0,1030.18,1140.17
gfx950,256,17024,1280,6144,False,torch.bfloat16,torch.bfloat16,False,False,torch,0,0,237.8618,native,0.0,1125.71,1128.81
gfx950,256,23808,1280,6144,False,torch.bfloat16,torch.bfloat16,False,False,opus,5300,0,297.2893,opus_gemm_persistent_512x256x256x64_2x4_16x16x32_0x0x0_4g_safe,0.0,1259.61,1241.99
gfx950,256,12672,1536,6144,False,torch.bfloat16,torch.bfloat16,False,False,torch,0,0,213.6655,native,0.0,1119.39,999.3
gfx950,256,13952,1536,6144,False,torch.bfloat16,torch.bfloat16,False,False,torch,0,0,218.0223,native,0.0,1207.84,1069.51
gfx950,256,352,3072,24576,True,torch.bfloat16,torch.bfloat16,False,False,torch,0,0,82.5194,native,0.0,644.09,2065.69
gfx950,256,1344,3072,1280,True,torch.bfloat16,torch.bfloat16,False,False,flydsl,3289,1,19.8501,flydsl_gemm3_abf16_wbf16_bf16_t64x128x64_split_k1_block_m_warp2_block_n_warp4_block_k_warp1_async_copyTrue_b_to_ldsTrue_b_preshuffleFalse_c_to_ldsFalse_gfx950,0.0,532.47,985.51
gfx950,256,3840,3072,6144,False,torch.bfloat16,torch.bfloat16,False,False,opus,6400,0,119.4732,opus_gemm_mono_tile_512x192x256x64_2x4_16x16x32_0x0x0_nooob_4g_safe,0.0,1213.29,908.38
gfx950,256,48,4608,6144,False,torch.bfloat16,torch.bfloat16,False,False,flydsl,5807,3,17.9305,flydsl_gemm5_abf16_wbf16_bf16_t48x64x64_split_k3_block_m_warp1_block_n_warp2_block_k_warp1_async_copyTrue_b_to_ldsTrue_b_preshuffleFalse_c_to_ldsFalse_gfx950,0.0102,151.58,3215.49
gfx950,256,512,4608,6144,False,torch.bfloat16,torch.bfloat16,False,False,torch,0,0,47.1579,native,0.0,614.77,1434.18
gfx950,256,7552,4608,6144,False,torch.bfloat16,torch.bfloat16,False,False,asm,10,1,358.1445,_ZN5aiter24bf16gemm_bf16_tn_256x256E,0.0,1193.98,611.54
gfx950,256,64,4992,6144,False,torch.bfloat16,torch.bfloat16,False,False,torch,0,0,20.9424,native,0.0,187.46,2997.13
gfx950,256,80,4992,6144,False,torch.bfloat16,torch.bfloat16,False,False,asm,7,3,22.1226,_ZN5aiter39bf16gemm_fp32bf16_tn_80x64_splitk_cleanE,0.0104,221.82,2853.35
gfx950,256,240,4992,6144,False,torch.bfloat16,torch.bfloat16,False,False,torch,0,0,33.8071,native,0.0,435.47,1972.57
gfx950,256,9216,4992,6144,False,torch.bfloat16,torch.bfloat16,False,False,torch,0,0,434.5654,native,0.0,1300.9,613.49
gfx950,256,16,6144,768,True,torch.bfloat16,torch.bfloat16,False,False,triton,0,0,5.4535,auto,0.0,27.69,1771.04
gfx950,256,144,6144,1024,False,torch.bfloat16,torch.bfloat16,False,False,flydsl,3999,1,7.7532,flydsl_gemm4_abf16_wbf16_bf16_t48x64x64_split_k1_block_m_warp1_block_n_warp2_block_k_warp1_async_copyTrue_b_to_ldsTrue_b_preshuffleFalse_c_to_ldsFalse_gfx950,0.0,233.7,1889.19
gfx950,256,224,6144,3072,False,torch.bfloat16,torch.bfloat16,False,False,flydsl,7598,1,20.6237,flydsl_gemm4_abf16_wbf16_bf16_t80x64x64_split_k1_block_m_warp1_block_n_warp2_block_k_warp1_async_copyTrue_b_to_ldsTrue_b_preshuffleFalse_c_to_ldsFalse_gfx950,0.0,410.0,2030.55
gfx950,256,256,6144,1024,False,torch.bfloat16,torch.bfloat16,False,False,flydsl,2220,1,9.6733,flydsl_gemm3_abf16_wbf16_bf16_t128x64x128_split_k1_block_m_warp4_block_n_warp2_block_k_warp1_async_copyTrue_b_to_ldsTrue_b_preshuffleFalse_c_to_ldsFalse_gfx950,0.0,333.0,1680.18
gfx950,256,352,6144,1536,False,torch.bfloat16,torch.bfloat16,False,False,flydsl,3123,1,15.6326,flydsl_gemm2_abf16_wbf16_bf16_t96x64x128_split_k1_block_m_warp2_block_n_warp2_block_k_warp1_async_copyTrue_b_to_ldsTrue_b_preshuffleFalse_c_to_ldsFalse_gfx950,0.0,425.0,1553.23
gfx950,256,352,6144,1536,True,torch.bfloat16,torch.bfloat16,False,False,torch,0,0,15.6592,native,0.0,424.27,1550.6
gfx950,256,512,6144,4096,False,torch.bfloat16,torch.bfloat16,False,False,flydsl,3543,1,39.9447,flydsl_gemm4_abf16_wbf16_bf16_t128x128x64_split_k1_block_m_warp2_block_n_warp4_block_k_warp1_async_copyTrue_b_to_ldsTrue_b_preshuffleFalse_c_to_ldsFalse_gfx950,0.0,645.14,1522.54
gfx950,256,608,6144,1536,False,torch.bfloat16,torch.bfloat16,False,False,flydsl,5638,1,17.6012,flydsl_gemm4_abf16_wbf16_bf16_t128x128x64_split_k1_block_m_warp4_block_n_warp4_block_k_warp1_async_copyTrue_b_to_ldsTrue_b_preshuffleFalse_c_to_ldsFalse_gfx950,0.0,651.98,1602.92
gfx950,256,864,6144,4096,False,torch.bfloat16,torch.bfloat16,False,False,flydsl,1936,1,60.4517,flydsl_gemm2_abf16_wbf16_bf16_t96x128x64_split_k1_block_m_warp2_block_n_warp2_block_k_warp1_async_copyTrue_b_to_ldsTrue_b_preshuffleFalse_c_to_ldsFalse_gfx950,0.0,719.36,1125.3
gfx950,256,1536,6144,4096,False,torch.bfloat16,torch.bfloat16,False,False,torch,0,0,71.037,native,0.0,1088.3,1151.36
gfx950,256,2304,6144,768,True,torch.bfloat16,torch.bfloat16,False,False,torch,0,0,25.2597,native,0.0,860.79,1634.53
gfx950,256,4480,6144,1024,False,torch.bfloat16,torch.bfloat16,False,False,asm,10,1,61.3557,_ZN5aiter24bf16gemm_bf16_tn_256x256E,0.0,918.76,1251.85
gfx950,256,6144,6144,4096,False,torch.bfloat16,torch.bfloat16,False,False,opus,6400,0,230.0292,opus_gemm_mono_tile_512x192x256x64_2x4_16x16x32_0x0x0_nooob_4g_safe,0.0,1344.34,765.82
gfx950,256,7552,6144,1024,False,torch.bfloat16,torch.bfloat16,False,False,asm,10,1,94.92,_ZN5aiter24bf16gemm_bf16_tn_256x256E,0.0,1001.12,1273.16
gfx950,256,8448,6144,1536,False,torch.bfloat16,torch.bfloat16,False,False,asm,10,1,156.9531,_ZN5aiter24bf16gemm_bf16_tn_256x256E,0.0,1015.91,947.01
gfx950,256,12672,6144,4096,False,torch.bfloat16,torch.bfloat16,False,False,asm,10,1,456.0138,_ZN5aiter24bf16gemm_bf16_tn_256x256E,0.0,1398.65,679.48
gfx950,256,15744,6144,1024,False,torch.bfloat16,torch.bfloat16,False,False,asm,10,1,182.0478,_ZN5aiter24bf16gemm_bf16_tn_256x256E,0.0,1088.21,1308.94
gfx950,256,16384,6144,4096,False,torch.bfloat16,torch.bfloat16,False,False,torch,0,0,564.9259,native,0.0,1459.72,683.06
gfx950,256,16896,6144,1536,False,torch.bfloat16,torch.bfloat16,False,False,asm,10,1,274.6353,_ZN5aiter24bf16gemm_bf16_tn_256x256E,0.0,1161.18,1013.7
gfx950,256,24832,6144,1536,False,torch.bfloat16,torch.bfloat16,False,False,asm,10,1,391.5861,_ZN5aiter24bf16gemm_bf16_tn_256x256E,0.0,1196.9,1022.24
gfx950,256,864,12288,6144,False,torch.bfloat16,torch.bfloat16,False,False,torch,0,0,116.3056,native,0.0,1121.7,1572.11
gfx950,256,1536,12288,6144,False,torch.bfloat16,torch.bfloat16,False,False,torch,0,0,198.7043,native,0.0,1167.2,1044.86
gfx950,256,6144,12288,6144,False,torch.bfloat16,torch.bfloat16,False,False,opus,1400,0,660.9677,opus_gemm_mono_tile_512x192x256x64_2x4_16x16x32_0x0x0_nooob,0.0,1403.57,571.11
gfx950,256,6528,12288,6144,False,torch.bfloat16,torch.bfloat16,False,False,torch,0,0,667.5795,native,0.0,1476.52,586.66
gfx950,256,12416,12288,6144,False,torch.bfloat16,torch.bfloat16,False,False,asm,10,1,1306.2841,_ZN5aiter24bf16gemm_bf16_tn_256x256E,0.0,1435.18,465.98
gfx950,256,16256,12288,6144,False,torch.bfloat16,torch.bfloat16,False,False,torch,0,0,1567.1642,native,0.0,1566.25,478.73
gfx950,256,4096,480,1280,True,torch.bfloat16,torch.bfloat16,False,False,torch,0,0,13.7258,native,0.0,366.69,1139.95
gfx950,256,2048,640,1280,True,torch.bfloat16,torch.bfloat16,False,False,flydsl,3947,1,11.2436,flydsl_gemm4_abf16_wbf16_bf16_t96x64x64_split_k1_block_m_warp2_block_n_warp2_block_k_warp1_async_copyTrue_b_to_ldsTrue_b_preshuffleFalse_c_to_ldsFalse_gfx950,0.0,298.43,845.17
gfx950,256,4096,960,1280,True,torch.bfloat16,torch.bfloat16,False,False,torch,0,0,18.4683,native,0.0,545.06,1126.67
gfx950,256,1,1280,6144,False,torch.bfloat16,torch.bfloat16,False,False,flydsl,7475,8,6.3971,flydsl_gemm8_abf16_wbf16_bf16_t16x64x64_split_k8_block_m_warp1_block_n_warp2_block_k_warp1_async_copyTrue_b_to_ldsTrue_b_preshuffleFalse_c_to_ldsFalse_gfx950,0.0242,2.46,2461.04
gfx950,256,2048,1280,160,False,torch.bfloat16,torch.bfloat16,False,False,torch,0,0,6.8807,native,0.0,121.92,916.74
gfx950,256,2048,1280,320,True,torch.bfloat16,torch.bfloat16,False,False,flydsl,369,1,6.7716,flydsl_gemm2_abf16_wbf16_bf16_t64x64x64_split_k1_block_m_warp2_block_n_warp2_block_k_warp1_async_copyTrue_b_to_ldsTrue_b_preshuffleFalse_c_to_ldsFalse_gfx950,0.0,247.76,1088.78
gfx950,256,2048,1280,1280,False,torch.bfloat16,torch.bfloat16,False,False,flydsl,4867,1,14.7732,flydsl_gemm4_abf16_wbf16_bf16_t96x128x64_split_k1_block_m_warp2_block_n_warp2_block_k_warp1_async_copyTrue_b_to_ldsTrue_b_preshuffleFalse_c_to_ldsFalse_gfx950,0.0,454.26,931.59
gfx950,256,2048,1280,2560,True,torch.bfloat16,torch.bfloat16,False,False,torch,0,0,26.6461,native,0.0,503.7,836.23
gfx950,256,4096,1280,320,False,torch.bfloat16,torch.bfloat16,False,False,flydsl,415,1,9.6175,flydsl_gemm2_abf16_wbf16_bf16_t96x128x64_split_k1_block_m_warp1_block_n_warp4_block_k_warp1_async_copyTrue_b_to_ldsTrue_b_preshuffleFalse_c_to_ldsFalse_gfx950,0.0,348.89,1448.03
gfx950,256,4096,1280,640,True,torch.bfloat16,torch.bfloat16,False,False,torch,0,0,14.4336,native,0.0,464.95,1203.24
gfx950,256,4096,1280,2560,False,torch.bfloat16,torch.bfloat16,False,False,torch,0,0,37.6179,native,0.0,713.58,1010.45
gfx950,256,2,1536,6144,False,torch.bfloat16,torch.bfloat16,False,False,flydsl,7472,6,6.6833,flydsl_gemm8_abf16_wbf16_bf16_t16x64x64_split_k6_block_m_warp1_block_n_warp2_block_k_warp1_async_copyTrue_b_to_ldsTrue_b_preshuffleFalse_c_to_ldsFalse_gfx950,0.0114,5.65,2828.71
gfx950,256,4,1536,6144,False,torch.bfloat16,torch.bfloat16,False,False,flydsl,7472,6,6.9292,flydsl_gemm8_abf16_wbf16_bf16_t16x64x64_split_k6_block_m_warp1_block_n_warp2_block_k_warp1_async_copyTrue_b_to_ldsTrue_b_preshuffleFalse_c_to_ldsFalse_gfx950,0.0148,10.9,2732.76
gfx950,256,512,1536,24576,True,torch.bfloat16,torch.bfloat16,False,False,torch,0,0,63.5296,native,0.0,608.45,1609.27
gfx950,256,1024,1536,6144,False,torch.bfloat16,torch.bfloat16,False,False,torch,0,0,36.5968,native,0.0,528.12,945.52
gfx950,256,2048,1536,6144,False,torch.bfloat16,torch.bfloat16,False,False,torch,0,0,59.2341,native,0.0,652.58,849.71
gfx950,256,4096,1536,1280,True,torch.bfloat16,torch.bfloat16,False,False,torch,0,0,22.9843,native,0.0,700.74,1174.75
gfx950,256,4096,2560,1280,True,torch.bfloat16,torch.bfloat16,False,False,torch,0,0,33.4382,native,0.0,802.78,1136.75
gfx950,256,4,3072,24576,True,torch.bfloat16,torch.bfloat16,False,False,flydsl,2540,8,27.7791,flydsl_gemm3_abf16_wbf16_bf16_t16x128x128_split_k8_block_m_warp1_block_n_warp4_block_k_warp1_async_copyTrue_b_to_ldsTrue_b_preshuffleFalse_c_to_ldsFalse_gfx950,0.0273,21.74,5443.52
gfx950,256,8,3072,6144,False,torch.bfloat16,torch.bfloat16,False,False,flydsl,7035,4,9.6408,flydsl_gemm7_abf16_wbf16_bf16_t16x64x64_split_k4_block_m_warp1_block_n_warp2_block_k_warp1_async_copyTrue_b_to_ldsTrue_b_preshuffleFalse_c_to_ldsFalse_gfx950,0.0124,31.32,3930.81
gfx950,256,1024,3072,24576,True,torch.bfloat16,torch.bfloat16,False,False,torch,0,0,150.5357,native,0.0,1027.12,1379.19
gfx950,256,2048,3072,1280,True,torch.bfloat16,torch.bfloat16,False,False,torch,0,0,22.9544,native,0.0,701.66,1119.18
gfx950,256,8192,3072,6144,False,torch.bfloat16,torch.bfloat16,False,False,torch,0,0,245.666,native,0.0,1258.77,768.29
gfx950,256,32768,3072,6144,False,torch.bfloat16,torch.bfloat16,False,False,torch,0,0,818.4538,native,0.0,1511.33,784.07
gfx950,256,1,4608,6144,False,torch.bfloat16,torch.bfloat16,False,False,flydsl,6996,6,12.1631,flydsl_gemm7_abf16_wbf16_bf16_t16x128x64_split_k6_block_m_warp1_block_n_warp2_block_k_warp1_async_copyTrue_b_to_ldsTrue_b_preshuffleFalse_c_to_ldsFalse_gfx950,0.02,4.66,4657.09
gfx950,256,4096,4608,6144,False,torch.bfloat16,torch.bfloat16,False,False,torch,0,0,216.3894,native,0.0,1071.81,668.72
gfx950,256,2,4992,6144,False,torch.bfloat16,torch.bfloat16,False,False,flydsl,3282,6,11.8365,flydsl_gemm4_abf16_wbf16_bf16_t16x128x128_split_k6_block_m_warp1_block_n_warp2_block_k_warp2_async_copyTrue_b_to_ldsTrue_b_preshuffleFalse_c_to_ldsFalse_gfx950,0.0224,10.36,5186.18
gfx950,256,2048,4992,6144,False,torch.bfloat16,torch.bfloat16,False,False,torch,0,0,117.924,native,0.0,1065.33,906.98
gfx950,256,1,6144,1536,False,torch.bfloat16,torch.bfloat16,False,False,flydsl,6851,2,6.2685,flydsl_gemm8_abf16_wbf16_bf16_t16x64x64_split_k2_block_m_warp1_block_n_warp2_block_k_warp1_async_copyTrue_b_to_ldsTrue_b_preshuffleFalse_c_to_ldsFalse_gfx950,0.0021,3.01,3013.44
gfx950,256,4,6144,768,False,torch.bfloat16,torch.bfloat16,False,False,triton,0,0,4.7375,auto,0.0,7.97,2003.69
gfx950,256,4,6144,1536,False,torch.bfloat16,torch.bfloat16,False,False,flydsl,6420,2,6.2902,flydsl_gemm7_abf16_wbf16_bf16_t16x64x64_split_k2_block_m_warp1_block_n_warp2_block_k_warp1_async_copyTrue_b_to_ldsTrue_b_preshuffleFalse_c_to_ldsFalse_gfx950,0.0025,12.0,3010.37
gfx950,256,4,6144,3072,True,torch.bfloat16,torch.bfloat16,False,False,flydsl,5452,2,9.2977,flydsl_gemm5_abf16_wbf16_bf16_t16x64x128_split_k2_block_m_warp1_block_n_warp2_block_k_warp1_async_copyTrue_b_to_ldsTrue_b_preshuffleFalse_c_to_ldsFalse_gfx950,0.0062,16.24,4067.94
gfx950,256,8,6144,1024,False,torch.bfloat16,torch.bfloat16,False,False,flydsl,3094,2,5.4144,flydsl_gemm5_abf16_wbf16_bf16_t16x64x64_split_k2_block_m_warp1_block_n_warp2_block_k_warp1_async_copyTrue_b_to_ldsTrue_b_preshuffleFalse_c_to_ldsFalse_gfx950,0.0025,18.59,2345.15
gfx950,256,512,6144,768,True,torch.bfloat16,torch.bfloat16,False,False,flydsl,2483,1,11.7612,flydsl_gemm3_abf16_wbf16_bf16_t128x128x64_split_k1_block_m_warp4_block_n_warp4_block_k_warp1_async_copyTrue_b_to_ldsTrue_b_preshuffleFalse_c_to_ldsFalse_gfx950,0.0,410.83,1404.2
gfx950,256,512,6144,3072,True,torch.bfloat16,torch.bfloat16,False,False,torch,0,0,31.0834,native,0.0,621.79,1518.04
gfx950,256,1024,6144,768,False,torch.bfloat16,torch.bfloat16,False,False,flydsl,135,1,16.0932,flydsl_gemm2_abf16_wbf16_bf16_t128x128x64_split_k1_block_m_warp4_block_n_warp2_block_k_warp1_async_copyTrue_b_to_ldsTrue_b_preshuffleFalse_c_to_ldsFalse_gfx950,0.0,600.48,1466.02
gfx950,256,1024,6144,1536,False,torch.bfloat16,torch.bfloat16,False,False,torch,0,0,26.8821,native,0.0,718.97,1287.21
gfx950,256,1024,6144,4096,False,torch.bfloat16,torch.bfloat16,False,False,flydsl,2523,1,63.485,flydsl_gemm3_abf16_wbf16_bf16_t256x128x64_split_k1_block_m_warp4_block_n_warp2_block_k_warp2_async_copyTrue_b_to_ldsTrue_b_preshuffleFalse_c_to_ldsFalse_gfx950,0.0049,811.84,1123.15
gfx950,256,2048,6144,1024,False,torch.bfloat16,torch.bfloat16,False,False,torch,0,0,28.1005,native,0.0,917.06,1492.61
gfx950,256,2048,6144,3072,True,torch.bfloat16,torch.bfloat16,False,False,torch,0,0,72.9103,native,0.0,1060.34,1035.48
gfx950,256,4096,6144,768,True,torch.bfloat16,torch.bfloat16,False,False,torch,0,0,48.1736,native,0.0,802.4,1371.3
gfx950,256,4096,6144,1536,True,torch.bfloat16,torch.bfloat16,False,False,torch,0,0,80.7504,native,0.0,957.39,1012.86
gfx950,256,8192,6144,1024,False,torch.bfloat16,torch.bfloat16,False,False,torch,0,0,95.0446,native,0.0,1084.54,1368.03
gfx950,256,2,12288,6144,False,torch.bfloat16,torch.bfloat16,False,False,triton,0,0,27.5694,auto,0.0,10.95,5479.58
gfx950,256,4,12288,6144,False,torch.bfloat16,torch.bfloat16,False,False,flydsl,4210,2,27.9471,flydsl_gemm4_abf16_wbf16_bf16_t16x128x128_split_k2_block_m_warp1_block_n_warp4_block_k_warp1_async_copyTrue_b_to_ldsTrue_b_preshuffleFalse_c_to_ldsFalse_gfx950,0.0054,21.61,5408.16
gfx950,256,4096,12288,6144,False,torch.bfloat16,torch.bfloat16,False,False,torch,0,0,414.8394,native,0.0,1490.88,727.97
gfx950,256,8192,12288,6144,False,torch.bfloat16,torch.bfloat16,False,False,torch,0,0,785.3905,native,0.0,1574.95,576.76
gfx950,256,4096,640,1280,True,torch.bfloat16,torch.bfloat16,False,False,torch,0,0,15.2352,native,0.0,440.49,1139.93
gfx950,256,4,768,24576,True,torch.bfloat16,torch.bfloat16,False,False,flydsl,7002,12,10.6846,flydsl_gemm7_abf16_wbf16_bf16_t16x64x128_split_k12_block_m_warp1_block_n_warp2_block_k_warp1_async_copyTrue_b_to_ldsTrue_b_preshuffleFalse_c_to_ldsFalse_gfx950,0.0296,14.13,3551.98
gfx950,256,1024,768,24576,True,torch.bfloat16,torch.bfloat16,False,False,torch,0,0,62.5083,native,0.0,618.39,1434.26
gfx950,256,2048,768,1280,True,torch.bfloat16,torch.bfloat16,False,False,flydsl,2452,1,11.928,flydsl_gemm3_abf16_wbf16_bf16_t128x64x128_split_k1_block_m_warp4_block_n_warp4_block_k_warp1_async_copyTrue_b_to_ldsTrue_b_preshuffleFalse_c_to_ldsFalse_gfx950,0.0,337.57,868.1
gfx950,256,8,1280,6144,False,torch.bfloat16,torch.bfloat16,False,False,flydsl,7041,8,6.7229,flydsl_gemm7_abf16_wbf16_bf16_t16x64x64_split_k8_block_m_warp1_block_n_warp2_block_k_warp1_async_copyTrue_b_to_ldsTrue_b_preshuffleFalse_c_to_ldsFalse_gfx950,0.0214,18.72,2357.23
gfx950,256,2048,1280,160,True,torch.bfloat16,torch.bfloat16,False,False,torch,0,0,7.4707,native,0.0,112.29,844.34
gfx950,256,2048,1280,640,False,torch.bfloat16,torch.bfloat16,False,False,flydsl,3278,1,9.3038,flydsl_gemm4_abf16_wbf16_bf16_t96x128x64_split_k1_block_m_warp1_block_n_warp4_block_k_warp1_async_copyTrue_b_to_ldsTrue_b_preshuffleFalse_c_to_ldsFalse_gfx950,0.0,360.65,1021.38
gfx950,256,2048,1280,1280,True,torch.bfloat16,torch.bfloat16,False,False,torch,0,0,15.8211,native,0.0,424.17,869.89
gfx950,256,2048,1280,6144,False,torch.bfloat16,torch.bfloat16,False,False,torch,0,0,50.352,native,0.0,639.74,916.3
gfx950,256,4096,1280,160,False,torch.bfloat16,torch.bfloat16,False,False,torch,0,0,8.8624,native,0.0,189.31,1377.29
gfx950,256,4096,1280,320,True,torch.bfloat16,torch.bfloat16,False,False,flydsl,96,1,10.6309,flydsl_gemm2_abf16_wbf16_bf16_t128x64x64_split_k1_block_m_warp4_block_n_warp2_block_k_warp1_async_copyTrue_b_to_ldsTrue_b_preshuffleFalse_c_to_ldsFalse_gfx950,0.0,315.63,1309.99
gfx950,256,4096,1280,1280,False,torch.bfloat16,torch.bfloat16,False,False,torch,0,0,21.3371,native,0.0,629.03,1136.44
gfx950,256,4096,1280,2560,True,torch.bfloat16,torch.bfloat16,False,False,torch,0,0,37.2874,native,0.0,719.91,1019.4
gfx950,256,8192,1280,6144,False,torch.bfloat16,torch.bfloat16,False,False,torch,0,0,115.2781,native,0.0,1117.72,1191.58
gfx950,256,32768,1280,6144,False,torch.bfloat16,torch.bfloat16,False,False,torch,0,0,392.1284,native,0.0,1314.36,1280.88
gfx950,256,1,1536,6144,False,torch.bfloat16,torch.bfloat16,False,False,flydsl,5540,6,6.6334,flydsl_gemm5_abf16_wbf16_bf16_t16x64x128_split_k6_block_m_warp1_block_n_warp2_block_k_warp1_async_copyTrue_b_to_ldsTrue_b_preshuffleFalse_c_to_ldsFalse_gfx950,0.013,2.85,2847.67
gfx950,256,4,1536,24576,True,torch.bfloat16,torch.bfloat16,False,False,flydsl,7475,8,15.6227,flydsl_gemm8_abf16_wbf16_bf16_t16x64x64_split_k8_block_m_warp1_block_n_warp2_block_k_warp1_async_copyTrue_b_to_ldsTrue_b_preshuffleFalse_c_to_ldsFalse_gfx950,0.0259,19.33,4845.92
gfx950,256,1024,1536,24576,True,torch.bfloat16,torch.bfloat16,False,False,torch,0,0,92.9491,native,0.0,831.74,1387.59
gfx950,256,4096,1536,6144,False,torch.bfloat16,torch.bfloat16,False,False,opus,1401,0,87.347,opus_gemm_mono_tile_512x128x256x64_2x4_16x16x32_0x0x0_nooob,0.0,885.08,936.37
gfx950,256,2048,1920,1280,True,torch.bfloat16,torch.bfloat16,False,False,torch,0,0,17.9416,native,0.0,561.06,1004.5
gfx950,256,2,3072,6144,False,torch.bfloat16,torch.bfloat16,False,False,flydsl,5558,4,9.2193,flydsl_gemm5_abf16_wbf16_bf16_t16x64x64_split_k4_block_m_warp1_block_n_warp2_block_k_warp1_async_copyTrue_b_to_ldsTrue_b_preshuffleFalse_c_to_ldsFalse_gfx950,0.012,8.19,4098.53
gfx950,256,512,3072,24576,True,torch.bfloat16,torch.bfloat16,False,False,torch,0,0,96.2683,native,0.0,803.06,1862.57
gfx950,256,2048,3072,6144,False,torch.bfloat16,torch.bfloat16,False,False,torch,0,0,87.3668,native,0.0,884.88,864.14
gfx950,256,4096,3072,1280,True,torch.bfloat16,torch.bfloat16,False,False,torch,0,0,34.6838,native,0.0,928.74,1254.65
gfx950,256,4,4608,6144,False,torch.bfloat16,torch.bfloat16,False,False,flydsl,5517,6,12.2153,flydsl_gemm5_abf16_wbf16_bf16_t16x128x64_split_k6_block_m_warp1_block_n_warp1_block_k_warp1_async_copyTrue_b_to_ldsTrue_b_preshuffleFalse_c_to_ldsFalse_gfx950,0.0164,18.54,4642.47
gfx950,256,8,4608,6144,False,torch.bfloat16,torch.bfloat16,False,False,flydsl,5519,6,12.1233,flydsl_gemm5_abf16_wbf16_bf16_t16x128x64_split_k6_block_m_warp1_block_n_warp2_block_k_warp1_async_copyTrue_b_to_ldsTrue_b_preshuffleFalse_c_to_ldsFalse_gfx950,0.0179,37.36,4684.79
gfx950,256,1024,4608,6144,False,torch.bfloat16,torch.bfloat16,False,False,torch,0,0,74.6687,native,0.0,776.52,1053.23
gfx950,256,8192,4608,6144,False,torch.bfloat16,torch.bfloat16,False,False,torch,0,0,370.3269,native,0.0,1252.56,628.59
gfx950,256,1,4992,6144,False,torch.bfloat16,torch.bfloat16,False,False,flydsl,1886,6,12.1845,flydsl_gemm3_abf16_wbf16_bf16_t16x128x128_split_k6_block_m_warp1_block_n_warp1_block_k_warp2_async_copyTrue_b_to_ldsTrue_b_preshuffleFalse_c_to_ldsFalse_gfx950,0.0256,5.03,5036.23
gfx950,256,4096,4992,6144,False,torch.bfloat16,torch.bfloat16,False,False,torch,0,0,225.5655,native,0.0,1113.89,676.38
gfx950,256,2,6144,1024,False,torch.bfloat16,torch.bfloat16,False,False,flydsl,4183,1,5.2943,flydsl_gemm8_abf16_wbf16_bf16_t16x64x64_split_k1_block_m_warp1_block_n_warp2_block_k_warp1_async_copyTrue_b_to_ldsTrue_b_preshuffleFalse_c_to_ldsFalse_gfx950,0.0,4.75,2382.11
gfx950,256,4,6144,768,True,torch.bfloat16,torch.bfloat16,False,False,flydsl,4444,2,5.3279,flydsl_gemm6_abf16_wbf16_bf16_t16x64x64_split_k2_block_m_warp1_block_n_warp2_block_k_warp1_async_copyTrue_b_to_ldsTrue_b_preshuffleFalse_c_to_ldsFalse_gfx950,0.0028,7.09,1781.66
gfx950,256,4,6144,1536,True,torch.bfloat16,torch.bfloat16,False,False,flydsl,6851,2,6.4922,flydsl_gemm8_abf16_wbf16_bf16_t16x64x64_split_k2_block_m_warp1_block_n_warp2_block_k_warp1_async_copyTrue_b_to_ldsTrue_b_preshuffleFalse_c_to_ldsFalse_gfx950,0.0042,11.63,2916.7
gfx950,256,8,6144,1536,False,torch.bfloat16,torch.bfloat16,False,False,triton,0,0,6.5037,auto,0.0,23.22,2920.99
gfx950,256,512,6144,1536,False,torch.bfloat16,torch.bfloat16,False,False,flydsl,5638,1,17.5931,flydsl_gemm4_abf16_wbf16_bf16_t128x128x64_split_k1_block_m_warp4_block_n_warp4_block_k_warp1_async_copyTrue_b_to_ldsTrue_b_preshuffleFalse_c_to_ldsFalse_gfx950,0.0,549.29,1519.84
gfx950,256,1024,6144,768,True,torch.bfloat16,torch.bfloat16,False,False,torch,0,0,16.4689,native,0.0,586.78,1432.58
gfx950,256,1024,6144,1536,True,torch.bfloat16,torch.bfloat16,False,False,torch,0,0,26.0401,native,0.0,742.22,1328.84
gfx950,256,2048,6144,768,False,torch.bfloat16,torch.bfloat16,False,False,torch,0,0,23.0646,native,0.0,837.97,1636.65
gfx950,256,2048,6144,1536,False,torch.bfloat16,torch.bfloat16,False,False,torch,0,0,38.8758,native,0.0,994.31,1294.68
gfx950,256,2048,6144,4096,False,torch.bfloat16,torch.bfloat16,False,False,torch,0,0,90.2113,native,0.0,1142.64,1022.87
gfx950,256,4096,6144,1024,False,torch.bfloat16,torch.bfloat16,False,False,torch,0,0,56.3965,native,0.0,913.88,1264.32
gfx950,256,4096,6144,3072,True,torch.bfloat16,torch.bfloat16,False,False,torch,0,0,143.8986,native,0.0,1074.5,786.99
gfx950,256,8192,6144,1536,False,torch.bfloat16,torch.bfloat16,False,False,torch,0,0,127.651,native,0.0,1211.26,1133.59
gfx950,256,1,12288,6144,False,torch.bfloat16,torch.bfloat16,False,False,triton,0,0,27.6606,auto,0.0,5.46,5460.18
gfx950,256,8,12288,6144,False,torch.bfloat16,torch.bfloat16,False,False,flydsl,2516,2,28.1715,flydsl_gemm3_abf16_wbf16_bf16_t16x128x128_split_k2_block_m_warp1_block_n_warp4_block_k_warp1_async_copyTrue_b_to_ldsTrue_b_preshuffleFalse_c_to_ldsFalse_gfx950,0.0054,42.88,5370.32
gfx950,256,1024,12288,6144,False,torch.bfloat16,torch.bfloat16,False,False,torch,0,0,130.5246,native,0.0,1184.6,1446.04
gfx950,256,2048,480,1280,True,torch.bfloat16,torch.bfloat16,False,False,torch,0,0,10.3299,native,0.0,243.62,816.83
gfx950,256,512,768,24576,True,torch.bfloat16,torch.bfloat16,False,False,torch,0,0,38.3904,native,0.0,503.44,1659.29
gfx950,256,4096,768,1280,True,torch.bfloat16,torch.bfloat16,False,False,flydsl,3874,1,16.5542,flydsl_gemm4_abf16_wbf16_bf16_t128x128x64_split_k1_block_m_warp4_block_n_warp4_block_k_warp1_async_copyTrue_b_to_ldsTrue_b_preshuffleFalse_c_to_ldsFalse_gfx950,0.0,486.47,1132.24
gfx950,256,2048,960,1280,True,torch.bfloat16,torch.bfloat16,False,False,flydsl,868,1,12.6346,flydsl_gemm3_abf16_wbf16_bf16_t128x64x128_split_k1_block_m_warp1_block_n_warp4_block_k_warp2_async_copyTrue_b_to_ldsTrue_b_preshuffleFalse_c_to_ldsFalse_gfx950,0.0026,398.36,920.7
gfx950,256,2,1280,6144,False,torch.bfloat16,torch.bfloat16,False,False,flydsl,7041,8,6.4063,flydsl_gemm7_abf16_wbf16_bf16_t16x64x64_split_k8_block_m_warp1_block_n_warp2_block_k_warp1_async_copyTrue_b_to_ldsTrue_b_preshuffleFalse_c_to_ldsFalse_gfx950,0.0191,4.91,2459.82
gfx950,256,4,1280,6144,False,torch.bfloat16,torch.bfloat16,False,False,flydsl,6404,8,6.4843,flydsl_gemm6_abf16_wbf16_bf16_t16x64x64_split_k8_block_m_warp1_block_n_warp2_block_k_warp1_async_copyTrue_b_to_ldsTrue_b_preshuffleFalse_c_to_ldsFalse_gfx950,0.0191,9.7,2434.81
gfx950,256,1024,1280,6144,False,torch.bfloat16,torch.bfloat16,False,False,torch,0,0,33.9753,native,0.0,474.05,910.46
gfx950,256,2048,1280,320,False,torch.bfloat16,torch.bfloat16,False,False,flydsl,859,1,6.3009,flydsl_gemm3_abf16_wbf16_bf16_t96x128x64_split_k1_block_m_warp1_block_n_warp4_block_k_warp1_async_copyTrue_b_to_ldsTrue_b_preshuffleFalse_c_to_ldsFalse_gfx950,0.0,266.27,1170.12
gfx950,256,2048,1280,640,True,torch.bfloat16,torch.bfloat16,False,False,flydsl,2563,1,10.2562,flydsl_gemm4_abf16_wbf16_bf16_t128x128x64_split_k1_block_m_warp4_block_n_warp4_block_k_warp1_async_copyTrue_b_to_ldsTrue_b_preshuffleFalse_c_to_ldsFalse_gfx950,0.0,327.16,926.53
gfx950,256,2048,1280,2560,False,torch.bfloat16,torch.bfloat16,False,False,flydsl,6042,1,25.9925,flydsl_gemm4_abf16_wbf16_bf16_t96x128x64_split_k1_block_m_warp1_block_n_warp4_block_k_warp1_async_copyTrue_b_to_ldsTrue_b_preshuffleFalse_c_to_ldsFalse_gfx950,0.0,516.37,857.26
gfx950,256,4096,1280,160,True,torch.bfloat16,torch.bfloat16,False,False,torch,0,0,8.9616,native,0.0,187.21,1362.04
gfx950,256,4096,1280,640,False,torch.bfloat16,torch.bfloat16,False,False,torch,0,0,13.9612,native,0.0,480.68,1243.95
gfx950,256,4096,1280,1280,True,torch.bfloat16,torch.bfloat16,False,False,torch,0,0,21.453,native,0.0,625.64,1130.3
gfx950,256,4096,1280,6144,False,torch.bfloat16,torch.bfloat16,False,False,torch,0,0,75.1918,native,0.0,856.8,1018.01
gfx950,256,8,1536,6144,False,torch.bfloat16,torch.bfloat16,False,False,flydsl,7475,8,6.9419,flydsl_gemm8_abf16_wbf16_bf16_t16x64x64_split_k8_block_m_warp1_block_n_warp2_block_k_warp1_async_copyTrue_b_to_ldsTrue_b_preshuffleFalse_c_to_ldsFalse_gfx950,0.022,21.75,2736.61
gfx950,256,2048,1536,1280,True,torch.bfloat16,torch.bfloat16,False,False,flydsl,2252,1,16.8864,flydsl_gemm3_abf16_wbf16_bf16_t128x128x64_split_k1_block_m_warp4_block_n_warp4_block_k_warp1_async_copyTrue_b_to_ldsTrue_b_preshuffleFalse_c_to_ldsFalse_gfx950,0.0,476.9,915.91
gfx950,256,8192,1536,6144,False,torch.bfloat16,torch.bfloat16,False,False,torch,0,0,133.3672,native,0.0,1159.35,1085.0
gfx950,256,32768,1536,6144,False,torch.bfloat16,torch.bfloat16,False,False,torch,0,0,429.6872,native,0.0,1439.36,1215.28
gfx950,256,4096,1920,1280,True,torch.bfloat16,torch.bfloat16,False,False,triton,0,0,27.7267,auto,0.0,726.11,1122.73
gfx950,256,2048,2560,1280,True,torch.bfloat16,torch.bfloat16,False,False,torch,0,0,22.3812,native,0.0,599.69,995.58
gfx950,256,1,3072,6144,False,torch.bfloat16,torch.bfloat16,False,False,flydsl,7469,4,9.2416,flydsl_gemm8_abf16_wbf16_bf16_t16x64x64_split_k4_block_m_warp1_block_n_warp2_block_k_warp1_async_copyTrue_b_to_ldsTrue_b_preshuffleFalse_c_to_ldsFalse_gfx950,0.0088,4.08,4086.65
gfx950,256,4,3072,6144,False,torch.bfloat16,torch.bfloat16,False,False,flydsl,7468,4,9.4369,flydsl_gemm8_abf16_wbf16_bf16_t16x64x64_split_k4_block_m_warp1_block_n_warp1_block_k_warp2_async_copyTrue_b_to_ldsTrue_b_preshuffleFalse_c_to_ldsFalse_gfx950,0.0193,16.0,4007.93
gfx950,256,1024,3072,6144,False,torch.bfloat16,torch.bfloat16,False,False,torch,0,0,59.2236,native,0.0,652.69,956.09
gfx950,256,4096,3072,6144,False,torch.bfloat16,torch.bfloat16,False,False,torch,0,0,130.83,native,0.0,1181.83,865.6
gfx950,256,2,4608,6144,False,torch.bfloat16,torch.bfloat16,False,False,flydsl,4292,6,11.7713,flydsl_gemm4_abf16_wbf16_bf16_t16x64x128_split_k6_block_m_warp1_block_n_warp1_block_k_warp1_async_copyTrue_b_to_ldsTrue_b_preshuffleFalse_c_to_ldsFalse_gfx950,0.0169,9.62,4813.92
gfx950,256,2048,4608,6144,False,torch.bfloat16,torch.bfloat16,False,False,torch,0,0,113.465,native,0.0,1022.03,887.17
gfx950,256,4,4992,6144,False,torch.bfloat16,torch.bfloat16,False,False,flydsl,3283,6,12.0329,flydsl_gemm4_abf16_wbf16_bf16_t16x128x128_split_k6_block_m_warp1_block_n_warp4_block_k_warp1_async_copyTrue_b_to_ldsTrue_b_preshuffleFalse_c_to_ldsFalse_gfx950,0.0154,20.39,5105.24
gfx950,256,8,4992,6144,False,torch.bfloat16,torch.bfloat16,False,False,flydsl,3283,6,12.6122,flydsl_gemm4_abf16_wbf16_bf16_t16x128x128_split_k6_block_m_warp1_block_n_warp4_block_k_warp1_async_copyTrue_b_to_ldsTrue_b_preshuffleFalse_c_to_ldsFalse_gfx950,0.0175,38.91,4877.81
gfx950,256,1024,4992,6144,False,torch.bfloat16,torch.bfloat16,False,False,torch,0,0,77.6122,native,0.0,809.33,1084.21
gfx950,256,8192,4992,6144,False,torch.bfloat16,torch.bfloat16,False,False,torch,0,0,400.7725,native,0.0,1253.86,608.31
gfx950,256,1,6144,1024,False,torch.bfloat16,torch.bfloat16,False,False,flydsl,4184,2,5.2266,flydsl_gemm8_abf16_wbf16_bf16_t16x64x64_split_k2_block_m_warp1_block_n_warp1_block_k_warp1_async_copyTrue_b_to_ldsTrue_b_preshuffleFalse_c_to_ldsFalse_gfx950,0.0013,2.41,2410.22
gfx950,256,2,6144,1536,False,torch.bfloat16,torch.bfloat16,False,False,flydsl,6851,2,6.3139,flydsl_gemm8_abf16_wbf16_bf16_t16x64x64_split_k2_block_m_warp1_block_n_warp2_block_k_warp1_async_copyTrue_b_to_ldsTrue_b_preshuffleFalse_c_to_ldsFalse_gfx950,0.0021,5.98,2994.2
gfx950,256,4,6144,1024,False,torch.bfloat16,torch.bfloat16,False,False,flydsl,4186,2,5.2225,flydsl_gemm8_abf16_wbf16_bf16_t16x64x64_split_k2_block_m_warp1_block_n_warp2_block_k_warp1_async_copyTrue_b_to_ldsTrue_b_preshuffleFalse_c_to_ldsFalse_gfx950,0.0024,9.64,2420.35
gfx950,256,512,6144,768,False,torch.bfloat16,torch.bfloat16,False,False,flydsl,2476,1,11.2649,flydsl_gemm3_abf16_wbf16_bf16_t128x128x64_split_k1_block_m_warp2_block_n_warp4_block_k_warp1_async_copyTrue_b_to_ldsTrue_b_preshuffleFalse_c_to_ldsFalse_gfx950,0.0,428.93,1466.06
gfx950,256,512,6144,1536,True,torch.bfloat16,torch.bfloat16,False,False,flydsl,3304,1,17.9776,flydsl_gemm3_abf16_wbf16_bf16_t128x128x64_split_k1_block_m_warp4_block_n_warp4_block_k_warp1_async_copyTrue_b_to_ldsTrue_b_preshuffleFalse_c_to_ldsFalse_gfx950,0.0,537.54,1487.33
gfx950,256,1024,6144,1024,False,torch.bfloat16,torch.bfloat16,False,False,torch,0,0,18.979,native,0.0,678.9,1436.48
gfx950,256,1024,6144,3072,True,torch.bfloat16,torch.bfloat16,False,False,torch,0,0,48.8823,native,0.0,790.77,1158.36
gfx950,256,2048,6144,768,True,torch.bfloat16,torch.bfloat16,False,False,torch,0,0,24.3809,native,0.0,792.73,1548.29
gfx950,256,2048,6144,1536,True,torch.bfloat16,torch.bfloat16,False,False,torch,0,0,39.2538,native,0.0,984.74,1282.21
gfx950,256,4096,6144,768,False,torch.bfloat16,torch.bfloat16,False,False,torch,0,0,47.2871,native,0.0,817.45,1397.0
gfx950,256,4096,6144,1536,False,torch.bfloat16,torch.bfloat16,False,False,torch,0,0,81.6008,native,0.0,947.41,1002.31
gfx950,256,4096,6144,4096,False,torch.bfloat16,torch.bfloat16,False,False,torch,0,0,169.3866,native,0.0,1217.09,792.38
gfx950,256,8192,6144,4096,False,torch.bfloat16,torch.bfloat16,False,False,torch,0,0,278.6216,native,0.0,1479.85,782.8
gfx950,256,2048,12288,6144,False,torch.bfloat16,torch.bfloat16,False,False,torch,0,0,251.4845,native,0.0,1229.65,900.62
